0002.jpg,0,New Name
0004.jpg,1,td_01.jpg
0006.jpg,4,td_02.jpg
63.jpg,4,td_03.jpg
0071.jpg,0,td_04.jpg
129000006.jpg,4,td_05.jpg
4060000.jpg,0,td_06.jpg
0717.jpg,0,td_07.jpg
1409.jpg,4,td_08.jpg
4160000.jpg,4,td_09.jpg
77.jpg,0,td_10.jpg
94000002.jpg,2,td_11.jpg
1353.jpg,4,td_12.jpg
2530000.jpg,0,td_13.jpg
1435.jpg,4,td_14.jpg
141000001.jpg,0,td_15.jpg
2430000.jpg,0,td_16.jpg
188000001.jpg,0,td_17.jpg
1347.jpg,4,td_18.jpg
0059.jpg,0,td_19.jpg
349000004.jpg,2,td_20.jpg
380000004.jpg,4,td_21.jpg
8_1_0_20170109203617429.jpg.chip.jpg,0,td_22.jpg
548000005.jpg,4,td_23.jpg
576000000.jpg,1,td_24.jpg
0918.jpg,0,td_25.jpg
7600000.jpg,4,td_26.jpg
124000005.jpg,1,td_27.jpg
1390.jpg,4,td_28.jpg
606000000.jpg,0,td_29.jpg
162.jpg,0,td_30.jpg
0930.jpg,1,td_31.jpg
0924.jpg,4,td_32.jpg
7700000.jpg,2,td_33.jpg
8_1_0_20170109201724457.jpg.chip.jpg,0,td_34.jpg
312000005.jpg,4,td_35.jpg
88.jpg,0,td_36.jpg
1384.jpg,0,td_37.jpg
2100000 (2).jpg,0,td_38.jpg
105000004.jpg,0,td_39.jpg
4_0_0_20170110224705396.jpg.chip.jpg,0,td_40.jpg
0267.jpg,4,td_41.jpg
71000000.jpg,0,td_42.jpg
223000006.jpg,4,td_43.jpg
282000001.jpg,0,td_44.jpg
1145.jpg,2,td_45.jpg
14000004.jpg,3,td_46.jpg
246000002.jpg,0,td_47.jpg
356000000.jpg,2,td_48.jpg
real_00090.jpg,0,td_49.jpg
real_00084.jpg,0,td_50.jpg
160000000.jpg,4,td_51.jpg
483000000.jpg,4,td_52.jpg
348.jpg,0,td_53.jpg
593000002.jpg,0,td_54.jpg
210000000.jpg,4,td_55.jpg
360.jpg,0,td_56.jpg
24500000.jpg,4,td_57.jpg
300000002.jpg,0,td_58.jpg
3920000.jpg,4,td_59.jpg
9_0_0_20170110220712974.jpg.chip.jpg,3,td_60.jpg
24400000.jpg,0,td_61.jpg
136000002.jpg,0,td_62.jpg
0298.jpg,0,td_63.jpg
0461.jpg,0,td_64.jpg
408000002.jpg,3,td_65.jpg
30400000.jpg,0,td_66.jpg
2980000.jpg,0,td_67.jpg
0313.jpg,0,td_68.jpg
600000013.jpg,3,td_69.jpg
204000000.jpg,0,td_70.jpg
0475.jpg,0,td_71.jpg
30500000.jpg,3,td_72.jpg
174000000.jpg,0,td_73.jpg
342000000.jpg,4,td_74.jpg
228.jpg,0,td_75.jpg
543000001.jpg,0,td_76.jpg
296000001.jpg,3,td_77.jpg
5_0_1_20170110213654372.jpg.chip.jpg,4,td_78.jpg
214.jpg,4,td_79.jpg
327000004.jpg,2,td_80.jpg
405000001.jpg,0,td_81.jpg
65000000.jpg,0,td_82.jpg
319000001.jpg,0,td_83.jpg
8_1_0_20170109203644920.jpg.chip.jpg,0,td_84.jpg
424000000.jpg,4,td_85.jpg
44000001.jpg,3,td_86.jpg
228000002.jpg,0,td_87.jpg
338000000.jpg,3,td_88.jpg
130000005.jpg,0,td_89.jpg
943.jpg,0,td_90.jpg
0111.jpg,4,td_91.jpg
0139.jpg,0,td_92.jpg
472000002.jpg,1,td_93.jpg
158000002.jpg,4,td_94.jpg
562000000.jpg,1,td_95.jpg
0893.jpg,0,td_96.jpg
1233.jpg,0,td_97.jpg
39600000.jpg,1,td_98.jpg
3490000.jpg,0,td_99.jpg
0878.jpg,0,td_100.jpg
155000001.jpg,4,td_101.jpg
551000006.jpg,1,td_102.jpg
9_0_0_20170110220623658.jpg.chip.jpg,0,td_103.jpg
3590000.jpg,0,td_104.jpg
4640000.jpg,0,td_105.jpg
103000003.jpg,0,td_106.jpg
539000001.jpg,4,td_107.jpg
0688.jpg,2,td_108.jpg
225000001.jpg,0,td_109.jpg
4_1_0_20170109192357612.jpg.chip.jpg,3,td_110.jpg
4740000.jpg,4,td_111.jpg
11500000.jpg,0,td_112.jpg
4800000.jpg,0,td_113.jpg
0851.jpg,4,td_114.jpg
225000000.jpg,4,td_115.jpg
0689.jpg,0,td_116.jpg
37300000.jpg,0,td_117.jpg
12_1_0_20170109213526011.jpg.chip.jpg,0,td_118.jpg
510000.jpg,3,td_119.jpg
539000000.jpg,0,td_120.jpg
103000002.jpg,0,td_121.jpg
4900000.jpg,4,td_122.jpg
8_1_0_20170109202802966.jpg.chip.jpg,0,td_123.jpg
363000000.jpg,0,td_124.jpg
406000008.jpg,3,td_125.jpg
0892.jpg,4,td_126.jpg
9_0_0_20170110220449969.jpg.chip.jpg,0,td_127.jpg
1226.jpg,0,td_128.jpg
0138.jpg,3,td_129.jpg
158000003.jpg,4,td_130.jpg
472000003.jpg,0,td_131.jpg
3400000 (2).jpg,0,td_132.jpg
228000003.jpg,4,td_133.jpg
0676.jpg,4,td_134.jpg
8_1_0_20170109203407112.jpg.chip.jpg,0,td_135.jpg
b6a938a3863b53ab68c5f6518d2108d97183f424v2_hq.jpg,4,td_136.jpg
0110.jpg,0,td_137.jpg
130000004.jpg,4,td_138.jpg
424000001.jpg,4,td_139.jpg
319000000.jpg,4,td_140.jpg
201.jpg,0,td_141.jpg
209000002.jpg,0,td_142.jpg
405000000.jpg,4,td_143.jpg
6_1_0_20170109201852729.jpg.chip.jpg,4,td_144.jpg
10_1_0_20170109203357787.jpg.chip.jpg,4,td_145.jpg
543000000.jpg,4,td_146.jpg
229.jpg,0,td_147.jpg
6_1_0_20170109204828030.jpg.chip.jpg,0,td_148.jpg
342000001.jpg,0,td_149.jpg
18700000.jpg,0,td_150.jpg
4390000.jpg,0,td_151.jpg
6_1_0_20170109194207894.jpg.chip.jpg,0,td_152.jpg
183000004.jpg,0,td_153.jpg
4290000.jpg,0,td_154.jpg
174000001.jpg,4,td_155.jpg
18600000.jpg,0,td_156.jpg
1024.jpg,4,td_157.jpg
204000001.jpg,0,td_158.jpg
3300000 (2).jpg,4,td_159.jpg
3140000.jpg,0,td_160.jpg
600000012.jpg,0,td_161.jpg
4_0_0_20170110213526716.jpg.chip.jpg,0,td_162.jpg
8_1_0_20170109202926726.jpg.chip.jpg,0,td_163.jpg
0460.jpg,4,td_164.jpg
0306.jpg,2,td_165.jpg
122000003.jpg,4,td_166.jpg
408000003.jpg,0,td_167.jpg
0299.jpg,0,td_168.jpg
4_1_0_20170109204913999.jpg.chip.jpg,0,td_169.jpg
136000003.jpg,2,td_170.jpg
3760000.jpg,0,td_171.jpg
361.jpg,1,td_172.jpg
4_1_0_20170109193102653.jpg.chip.jpg,4,td_173.jpg
210000001.jpg,3,td_174.jpg
532000004.jpg,0,td_175.jpg
7_0_0_20170110215633251.jpg.chip.jpg,4,td_176.jpg
3660000.jpg,4,td_177.jpg
real_00085.jpg,0,td_178.jpg
593000003.jpg,3,td_179.jpg
53000008.jpg,1,td_180.jpg
483000001.jpg,0,td_181.jpg
160000001.jpg,0,td_182.jpg
246000003.jpg,0,td_183.jpg
1144.jpg,4,td_184.jpg
400000 (2).jpg,1,td_185.jpg
557000000.jpg,0,td_186.jpg
9_0_0_20170110220151722.jpg.chip.jpg,0,td_187.jpg
282000000.jpg,0,td_188.jpg
real_00046.jpg,0,td_189.jpg
1178.jpg,0,td_190.jpg
0266.jpg,0,td_191.jpg
0500.jpg,0,td_192.jpg
0514.jpg,4,td_193.jpg
0272.jpg,0,td_194.jpg
105000005.jpg,0,td_195.jpg
312000004.jpg,0,td_196.jpg
177.jpg,0,td_197.jpg
1385.jpg,0,td_198.jpg
99000000.jpg,0,td_199.jpg
1391.jpg,0,td_200.jpg
0931.jpg,0,td_201.jpg
606000001.jpg,0,td_202.jpg
0919.jpg,0,td_203.jpg
576000001.jpg,4,td_204.jpg
8_1_0_20170109201654441.jpg.chip.jpg,4,td_205.jpg
254000004.jpg,4,td_206.jpg
548000004.jpg,1,td_207.jpg
581000004.jpg,0,td_208.jpg
1420.jpg,4,td_209.jpg
300000 (2).jpg,4,td_210.jpg
188000000.jpg,4,td_211.jpg
141000000.jpg,4,td_212.jpg
349000005.jpg,0,td_213.jpg
0058.jpg,4,td_214.jpg
1346.jpg,0,td_215.jpg
377000000.jpg,3,td_216.jpg
1352.jpg,0,td_217.jpg
188.jpg,0,td_218.jpg
94000003.jpg,4,td_219.jpg
330000.jpg,4,td_220.jpg
23200000.jpg,0,td_221.jpg
129000007.jpg,0,td_222.jpg
1408.jpg,4,td_223.jpg
23300000.jpg,4,td_224.jpg
230000.jpg,4,td_225.jpg
231000000.jpg,1,td_226.jpg
2910000.jpg,4,td_227.jpg
117000000.jpg,0,td_228.jpg
74.jpg,0,td_229.jpg
1378.jpg,0,td_230.jpg
0066.jpg,0,td_231.jpg
94000001.jpg,3,td_232.jpg
0700.jpg,2,td_233.jpg
0714.jpg,4,td_234.jpg
2810000.jpg,0,td_235.jpg
321000000.jpg,0,td_236.jpg
60.jpg,0,td_237.jpg
129000005.jpg,0,td_238.jpg
9_0_0_20170110220406314.jpg.chip.jpg,0,td_239.jpg
48.jpg,0,td_240.jpg
1344.jpg,0,td_241.jpg
141000002.jpg,0,td_242.jpg
150000.jpg,3,td_243.jpg
1422.jpg,4,td_244.jpg
1436.jpg,0,td_245.jpg
1350.jpg,4,td_246.jpg
466000001.jpg,2,td_247.jpg
576000003.jpg,2,td_248.jpg
4_0_2_20161219194118187.jpg.chip.jpg,0,td_249.jpg
581000006.jpg,3,td_250.jpg
0099.jpg,4,td_251.jpg
1387.jpg,4,td_252.jpg
175.jpg,0,td_253.jpg
0927.jpg,0,td_254.jpg
202000004.jpg,2,td_255.jpg
11_0_4_20170103200621488.jpg.chip.jpg,0,td_256.jpg
0933.jpg,0,td_257.jpg
1393.jpg,4,td_258.jpg
124000006.jpg,0,td_259.jpg
223000005.jpg,3,td_260.jpg
29400000.jpg,0,td_261.jpg
0264.jpg,0,td_262.jpg
71000003.jpg,3,td_263.jpg
501000000.jpg,0,td_264.jpg
105000007.jpg,0,td_265.jpg
0516.jpg,0,td_266.jpg
7_1_1_20170109201647377.jpg.chip.jpg,0,td_267.jpg
29500000.jpg,1,td_268.jpg
27000001.jpg,1,td_269.jpg
4581436-6213937-image-m-38_1538042880499.jpg,0,td_270.jpg
9_0_0_20170110220510618.jpg.chip.jpg,0,td_271.jpg
593000001.jpg,1,td_272.jpg
11_1_0_20170109205438571.jpg.chip.jpg,0,td_273.jpg
real_00087.jpg,0,td_274.jpg
16800000.jpg,4,td_275.jpg
3500000.jpg,0,td_276.jpg
246000001.jpg,0,td_277.jpg
2380000.jpg,0,td_278.jpg
16900000.jpg,0,td_279.jpg
3400000.jpg,3,td_280.jpg
14000007.jpg,4,td_281.jpg
377.jpg,0,td_282.jpg
1185.jpg,4,td_283.jpg
136000001.jpg,0,td_284.jpg
1191.jpg,0,td_285.jpg
210000003.jpg,4,td_286.jpg
363.jpg,0,td_287.jpg
300000001.jpg,3,td_288.jpg
314000001.jpg,0,td_289.jpg
0476.jpg,4,td_290.jpg
0310.jpg,4,td_291.jpg
408000001.jpg,3,td_292.jpg
122000001.jpg,0,td_293.jpg
0304.jpg,0,td_294.jpg
68000000.jpg,0,td_295.jpg
0462.jpg,0,td_296.jpg
600000004.jpg,3,td_297.jpg
183000006.jpg,3,td_298.jpg
4_0_0_20170109191458548.jpg.chip.jpg,0,td_299.jpg
3320000.jpg,4,td_300.jpg
342000003.jpg,1,td_301.jpg
1032.jpg,0,td_302.jpg
0338.jpg,4,td_303.jpg
587000001.jpg,4,td_304.jpg
3220000.jpg,0,td_305.jpg
147000005.jpg,0,td_306.jpg
296000002.jpg,0,td_307.jpg
386000000.jpg,1,td_308.jpg
453000000.jpg,4,td_309.jpg
543000002.jpg,1,td_310.jpg
8_0_0_20170103210941483.jpg.chip.jpg,4,td_311.jpg
209000000.jpg,0,td_312.jpg
319000002.jpg,2,td_313.jpg
0489.jpg,0,td_314.jpg
6_1_0_20170109194210604.jpg.chip.jpg,0,td_315.jpg
405000002.jpg,0,td_316.jpg
515000000.jpg,4,td_317.jpg
217.jpg,0,td_318.jpg
13_0_0_20170110225447389.jpg.chip.jpg,0,td_319.jpg
zoey_ray_logan_3q7a9949d.jpg,4,td_320.jpg
130000006.jpg,0,td_321.jpg
1950000.jpg,1,td_322.jpg
0112.jpg,4,td_323.jpg
9_1_0_20170109204754719.jpg.chip.jpg,0,td_324.jpg
228000001.jpg,0,td_325.jpg
0660.jpg,0,td_326.jpg
1850000.jpg,1,td_327.jpg
4_0_0_20170110211454141.jpg.chip.jpg,0,td_328.jpg
44000002.jpg,0,td_329.jpg
1230.jpg,0,td_330.jpg
34700000.jpg,4,td_331.jpg
0890.jpg,4,td_332.jpg
0648.jpg,4,td_333.jpg
472000001.jpg,0,td_334.jpg
34600000.jpg,0,td_335.jpg
158000001.jpg,0,td_336.jpg
12000000.jpg,3,td_337.jpg
8_1_0_20170109204144358.jpg.chip.jpg,0,td_338.jpg
273000000.jpg,3,td_339.jpg
770000.jpg,0,td_340.jpg
155000002.jpg,0,td_341.jpg
7_0_0_20170110220439570.jpg.chip.jpg,0,td_342.jpg
670000.jpg,0,td_343.jpg
225000002.jpg,4,td_344.jpg
335000000.jpg,3,td_345.jpg
32 copy.jpg,4,td_346.jpg
7_1_0_20170109201632806.jpg.chip.jpg,0,td_347.jpg
33 copy.jpg,0,td_348.jpg
103000000.jpg,2,td_349.jpg
539000002.jpg,0,td_350.jpg
0846.jpg,0,td_351.jpg
2170000.jpg,4,td_352.jpg
539000003.jpg,4,td_353.jpg
49000000.jpg,4,td_354.jpg
80000000.jpg,0,td_355.jpg
103000001.jpg,3,td_356.jpg
2070000.jpg,0,td_357.jpg
335000001.jpg,0,td_358.jpg
225000003.jpg,0,td_359.jpg
155000003.jpg,4,td_360.jpg
4420000.jpg,4,td_361.jpg
23800000.jpg,0,td_362.jpg
4200000 (2).jpg,4,td_363.jpg
551000004.jpg,4,td_364.jpg
23900000.jpg,0,td_365.jpg
12000001.jpg,1,td_366.jpg
158000000.jpg,0,td_367.jpg
472000000.jpg,0,td_368.jpg
191000000.jpg,0,td_369.jpg
1231.jpg,0,td_370.jpg
44000003.jpg,0,td_371.jpg
1219.jpg,0,td_372.jpg
1610000.jpg,0,td_373.jpg
130000007.jpg,0,td_374.jpg
0675.jpg,4,td_375.jpg
228000000.jpg,3,td_376.jpg
515000001.jpg,3,td_377.jpg
405000003.jpg,0,td_378.jpg
216.jpg,0,td_379.jpg
319000003.jpg,2,td_380.jpg
33000000.jpg,0,td_381.jpg
543000003.jpg,1,td_382.jpg
15600000.jpg,0,td_383.jpg
4500000 (2).jpg,0,td_384.jpg
147000004.jpg,4,td_385.jpg
15700000.jpg,4,td_386.jpg
33100000.jpg,0,td_387.jpg
0339.jpg,0,td_388.jpg
1027.jpg,0,td_389.jpg
587000000.jpg,4,td_390.jpg
9_0_0_20170110225407300.jpg.chip.jpg,4,td_391.jpg
1033.jpg,0,td_392.jpg
342000002.jpg,0,td_393.jpg
252000000.jpg,0,td_394.jpg
45 copy.jpg,0,td_395.jpg
10_1_0_20170109203245653.jpg.chip.jpg,0,td_396.jpg
0305.jpg,4,td_397.jpg
122000000.jpg,4,td_398.jpg
408000000.jpg,3,td_399.jpg
0463.jpg,0,td_400.jpg
314000000.jpg,3,td_401.jpg
0477.jpg,3,td_402.jpg
0311.jpg,0,td_403.jpg
42000004.jpg,4,td_404.jpg
480000.jpg,4,td_405.jpg
300000000.jpg,3,td_406.jpg
362.jpg,0,td_407.jpg
210000002.jpg,4,td_408.jpg
580000.jpg,0,td_409.jpg
1184.jpg,0,td_410.jpg
246000000.jpg,0,td_411.jpg
11_1_4_20170103201747167.jpg.chip.jpg,0,td_412.jpg
392000001.jpg,0,td_413.jpg
1147.jpg,0,td_414.jpg
0271.jpg,0,td_415.jpg
105000006.jpg,0,td_416.jpg
0503.jpg,0,td_417.jpg
223000004.jpg,2,td_418.jpg
real_00045.jpg,0,td_419.jpg
501000001.jpg,0,td_420.jpg
71000002.jpg,4,td_421.jpg
0265.jpg,0,td_422.jpg
13_0_2_20170117152653604.jpg.chip.jpg,0,td_423.jpg
606000002.jpg,4,td_424.jpg
1130000.jpg,1,td_425.jpg
124000007.jpg,4,td_426.jpg
1386.jpg,4,td_427.jpg
50000003.jpg,0,td_428.jpg
590000008.jpg,0,td_429.jpg
0926.jpg,4,td_430.jpg
174.jpg,0,td_431.jpg
548000007.jpg,0,td_432.jpg
581000007.jpg,0,td_433.jpg
254000007.jpg,4,td_434.jpg
576000002.jpg,3,td_435.jpg
185000000.jpg,0,td_436.jpg
466000000.jpg,4,td_437.jpg
4200000.jpg,0,td_438.jpg
37900000.jpg,1,td_439.jpg
1437.jpg,0,td_440.jpg
1351.jpg,2,td_441.jpg
37800000.jpg,0,td_442.jpg
1345.jpg,0,td_443.jpg
4300000.jpg,0,td_444.jpg
49.jpg,0,td_445.jpg
1423.jpg,3,td_446.jpg
141000003.jpg,3,td_447.jpg
0715.jpg,0,td_448.jpg
2750000.jpg,0,td_449.jpg
129000004.jpg,0,td_450.jpg
0073.jpg,0,td_451.jpg
403000004.jpg,3,td_452.jpg
61.jpg,0,td_453.jpg
94000000.jpg,1,td_454.jpg
0067.jpg,0,td_455.jpg
117000001.jpg,3,td_456.jpg
2650000.jpg,4,td_457.jpg
0701.jpg,4,td_458.jpg
0739.jpg,0,td_459.jpg
8_1_0_20170109202405671.jpg.chip.jpg,0,td_460.jpg
1427.jpg,0,td_461.jpg
290000000.jpg,4,td_462.jpg
1341.jpg,2,td_463.jpg
259000000.jpg,1,td_464.jpg
349000002.jpg,4,td_465.jpg
380000002.jpg,1,td_466.jpg
1355.jpg,4,td_467.jpg
59.jpg,0,td_468.jpg
1433.jpg,4,td_469.jpg
545000000.jpg,0,td_470.jpg
0705.jpg,0,td_471.jpg
71.jpg,0,td_472.jpg
7_0_0_20170110225021990.jpg.chip.jpg,4,td_473.jpg
94000004.jpg,1,td_474.jpg
10_0_0_20170110220316298.jpg.chip.jpg,0,td_475.jpg
0063.jpg,0,td_476.jpg
1369.jpg,4,td_477.jpg
65.jpg,0,td_478.jpg
403000000.jpg,4,td_479.jpg
129000000.jpg,0,td_480.jpg
real_00531.jpg,0,td_481.jpg
13_0_0_20170104013342923.jpg.chip.jpg,0,td_482.jpg
0711.jpg,4,td_483.jpg
0922.jpg,0,td_484.jpg
170.jpg,4,td_485.jpg
202000001.jpg,4,td_486.jpg
312000003.jpg,4,td_487.jpg
6_1_0_20170114033411045.jpg.chip.jpg,4,td_488.jpg
50000007.jpg,4,td_489.jpg
1382.jpg,4,td_490.jpg
0088.jpg,0,td_491.jpg
1396.jpg,4,td_492.jpg
124000003.jpg,4,td_493.jpg
164.jpg,0,td_494.jpg
3410000.jpg,1,td_495.jpg
576000006.jpg,3,td_496.jpg
254000003.jpg,4,td_497.jpg
38100000.jpg,3,td_498.jpg
344000001.jpg,4,td_499.jpg
3510000.jpg,1,td_500.jpg
158.jpg,0,td_501.jpg
172000001.jpg,4,td_502.jpg
491000001.jpg,1,td_503.jpg
581000003.jpg,4,td_504.jpg
38000000.jpg,0,td_505.jpg
548000003.jpg,4,td_506.jpg
5_1_4_20170103212918548.jpg.chip.jpg,0,td_507.jpg
8_0_0_20170104011915424.jpg.chip.jpg,4,td_508.jpg
479000000.jpg,0,td_509.jpg
60000009.jpg,4,td_510.jpg
153000000.jpg,0,td_511.jpg
140000.jpg,0,td_512.jpg
0249.jpg,0,td_513.jpg
1157.jpg,0,td_514.jpg
0261.jpg,0,td_515.jpg
mission-gcs-tn.jpg,0,td_516.jpg
71000006.jpg,4,td_517.jpg
31300000.jpg,4,td_518.jpg
223000000.jpg,4,td_519.jpg
2800000.jpg,4,td_520.jpg
17500000.jpg,1,td_521.jpg
0507.jpg,1,td_522.jpg
0513.jpg,0,td_523.jpg
4_0_0_20170110224321631.jpg.chip.jpg,0,td_524.jpg
3500000 (2).jpg,0,td_525.jpg
2900000.jpg,0,td_526.jpg
17400000.jpg,0,td_527.jpg
105000002.jpg,4,td_528.jpg
31200000.jpg,4,td_529.jpg
136000004.jpg,0,td_530.jpg
1180.jpg,0,td_531.jpg
366.jpg,0,td_532.jpg
422000001.jpg,0,td_533.jpg
400.jpg,0,td_534.jpg
ee1b4222d.jpg,0,td_535.jpg
532000003.jpg,4,td_536.jpg
42000000.jpg,4,td_537.jpg
real_00082.jpg,0,td_538.jpg
28900000.jpg,0,td_539.jpg
593000004.jpg,4,td_540.jpg
474000003.jpg,3,td_541.jpg
14000002.jpg,3,td_542.jpg
28800000.jpg,0,td_543.jpg
8_1_0_20170109203314749.jpg.chip.jpg,0,td_544.jpg
0329.jpg,1,td_545.jpg
183000003.jpg,3,td_546.jpg
570000001.jpg,4,td_547.jpg
1023.jpg,0,td_548.jpg
7_1_0_20170109205254531.jpg.chip.jpg,3,td_549.jpg
6_1_0_20170109194218239.jpg.chip.jpg,0,td_550.jpg
200000 (2).jpg,1,td_551.jpg
0315.jpg,4,td_552.jpg
56000000.jpg,0,td_553.jpg
600000015.jpg,3,td_554.jpg
0473.jpg,0,td_555.jpg
1840000.jpg,4,td_556.jpg
600000001.jpg,2,td_557.jpg
408000004.jpg,4,td_558.jpg
1940000.jpg,0,td_559.jpg
111000002.jpg,0,td_560.jpg
25200000.jpg,0,td_561.jpg
206.jpg,0,td_562.jpg
237000000.jpg,0,td_563.jpg
25300000.jpg,4,td_564.jpg
327000002.jpg,3,td_565.jpg
7_1_0_20170109202312260.jpg.chip.jpg,0,td_566.jpg
660000.jpg,0,td_567.jpg
147000000.jpg,0,td_568.jpg
70000.jpg,4,td_569.jpg
371000000.jpg,4,td_570.jpg
485000001.jpg,4,td_571.jpg
55000008.jpg,4,td_572.jpg
3230000.jpg,1,td_573.jpg
0895.jpg,0,td_574.jpg
500000 (2).jpg,3,td_575.jpg
1221.jpg,0,td_576.jpg
0881.jpg,4,td_577.jpg
158000004.jpg,0,td_578.jpg
228000004.jpg,4,td_579.jpg
130000003.jpg,0,td_580.jpg
0117.jpg,0,td_581.jpg
216000001.jpg,4,td_582.jpg
4_0_3_20161219230501650.jpg.chip.jpg,4,td_583.jpg
6100000.jpg,0,td_584.jpg
0856.jpg,3,td_585.jpg
7_1_2_20161219141129768.jpg.chip.jpg,4,td_586.jpg
103000005.jpg,4,td_587.jpg
6000000.jpg,4,td_588.jpg
441000002.jpg,0,td_589.jpg
551000000.jpg,3,td_590.jpg
21000003.jpg,4,td_591.jpg
598000000.jpg,3,td_592.jpg
284000000.jpg,3,td_593.jpg
8_0_0_20170110215618155.jpg.chip.jpg,0,td_594.jpg
9_0_1_20170110215449668.jpg.chip.jpg,0,td_595.jpg
8400000.jpg,3,td_596.jpg
598000001.jpg,3,td_597.jpg
21000002.jpg,0,td_598.jpg
551000001.jpg,4,td_599.jpg
441000003.jpg,4,td_600.jpg
8500000.jpg,4,td_601.jpg
539000006.jpg,4,td_602.jpg
103000004.jpg,0,td_603.jpg
6_1_0_20170109193106065.jpg.chip.jpg,4,td_604.jpg
0843.jpg,0,td_605.jpg
77000000.jpg,0,td_606.jpg
9 copy.jpg,4,td_607.jpg
22500000.jpg,0,td_608.jpg
216000000.jpg,3,td_609.jpg
0670.jpg,0,td_610.jpg
228000005.jpg,0,td_611.jpg
8 copy.jpg,0,td_612.jpg
2000000 (2).jpg,4,td_613.jpg
0116.jpg,0,td_614.jpg
130000002.jpg,4,td_615.jpg
22400000.jpg,4,td_616.jpg
350000000.jpg,0,td_617.jpg
7_1_4_20161221193047189.jpg.chip.jpg,0,td_618.jpg
158000005.jpg,0,td_619.jpg
0658.jpg,0,td_620.jpg
0880.jpg,0,td_621.jpg
55000009.jpg,0,td_622.jpg
166000000.jpg,0,td_623.jpg
485000000.jpg,3,td_624.jpg
1234.jpg,1,td_625.jpg
543000006.jpg,0,td_626.jpg
820000.jpg,0,td_627.jpg
371000001.jpg,4,td_628.jpg
4430000.jpg,3,td_629.jpg
327000003.jpg,4,td_630.jpg
0499.jpg,0,td_631.jpg
213.jpg,0,td_632.jpg
237000001.jpg,3,td_633.jpg
2060000.jpg,0,td_634.jpg
405000006.jpg,2,td_635.jpg
111000003.jpg,0,td_636.jpg
2160000.jpg,0,td_637.jpg
600000000.jpg,0,td_638.jpg
0466.jpg,0,td_639.jpg
7_1_4_20161221193134222.jpg.chip.jpg,0,td_640.jpg
1600000.jpg,0,td_641.jpg
56000001.jpg,4,td_642.jpg
1700000.jpg,0,td_643.jpg
600000014.jpg,4,td_644.jpg
0328.jpg,0,td_645.jpg
6_1_0_20170104010034799.jpg.chip.jpg,0,td_646.jpg
570000000.jpg,4,td_647.jpg
183000002.jpg,4,td_648.jpg
7_1_0_20170109204456971.jpg.chip.jpg,0,td_649.jpg
564000000.jpg,0,td_650.jpg
474000002.jpg,0,td_651.jpg
png-clipart-school-uniform-clothing-elementary-scho6ol-school-child-girl.jpg,0,td_652.jpg
real_00083.jpg,0,td_653.jpg
593000005.jpg,0,td_654.jpg
42000001.jpg,3,td_655.jpg
532000002.jpg,4,td_656.jpg
108000000.jpg,2,td_657.jpg
11_1_0_20170109204614249.jpg.chip.jpg,2,td_658.jpg
422000000.jpg,0,td_659.jpg
7_0_0_20170110225211960.jpg.chip.jpg,0,td_660.jpg
1181.jpg,0,td_661.jpg
373.jpg,0,td_662.jpg
398.jpg,0,td_663.jpg
0274.jpg,0,td_664.jpg
105000003.jpg,4,td_665.jpg
2640000.jpg,4,td_666.jpg
71000007.jpg,4,td_667.jpg
0506.jpg,4,td_668.jpg
2740000.jpg,0,td_669.jpg
223000001.jpg,3,td_670.jpg
19000000.jpg,4,td_671.jpg
153000001.jpg,0,td_672.jpg
60000008.jpg,4,td_673.jpg
4310000.jpg,0,td_674.jpg
0248.jpg,4,td_675.jpg
365000001.jpg,1,td_676.jpg
275000003.jpg,1,td_677.jpg
19100000.jpg,0,td_678.jpg
4210000.jpg,2,td_679.jpg
548000002.jpg,3,td_680.jpg
581000002.jpg,4,td_681.jpg
491000000.jpg,4,td_682.jpg
172000000.jpg,4,td_683.jpg
159.jpg,0,td_684.jpg
41000009.jpg,4,td_685.jpg
576000007.jpg,2,td_686.jpg
344000000.jpg,1,td_687.jpg
254000002.jpg,3,td_688.jpg
124000002.jpg,0,td_689.jpg
36400000.jpg,0,td_690.jpg
1397.jpg,4,td_691.jpg
0089.jpg,0,td_692.jpg
590000.jpg,3,td_693.jpg
0937.jpg,0,td_694.jpg
36500000.jpg,3,td_695.jpg
490000.jpg,1,td_696.jpg
312000002.jpg,0,td_697.jpg
202000000.jpg,4,td_698.jpg
0923.jpg,4,td_699.jpg
1383.jpg,4,td_700.jpg
63000000.jpg,0,td_701.jpg
0076.jpg,0,td_702.jpg
8_1_0_20170109203450522.jpg.chip.jpg,0,td_703.jpg
129000001.jpg,0,td_704.jpg
403000001.jpg,4,td_705.jpg
1368.jpg,4,td_706.jpg
94000005.jpg,4,td_707.jpg
58.jpg,0,td_708.jpg
1354.jpg,0,td_709.jpg
1432.jpg,4,td_710.jpg
11 copy.jpg,0,td_711.jpg
1426.jpg,0,td_712.jpg
0738.jpg,4,td_713.jpg
10 copy.jpg,0,td_714.jpg
349000003.jpg,2,td_715.jpg
290000001.jpg,3,td_716.jpg
1340.jpg,0,td_717.jpg
1430.jpg,1,td_718.jpg
106000009.jpg,4,td_719.jpg
4_1_1_20170109194638149.jpg.chip.jpg,4,td_720.jpg
35000000.jpg,4,td_721.jpg
8.jpg,4,td_722.jpg
1356.jpg,4,td_723.jpg
1342.jpg,4,td_724.jpg
290000003.jpg,4,td_725.jpg
259000003.jpg,1,td_726.jpg
35100000.jpg,4,td_727.jpg
349000001.jpg,4,td_728.jpg
380000001.jpg,2,td_729.jpg
7_1_0_20170109201641541.jpg.chip.jpg,3,td_730.jpg
198.jpg,4,td_731.jpg
403000003.jpg,3,td_732.jpg
66.jpg,0,td_733.jpg
129000003.jpg,2,td_734.jpg
0074.jpg,0,td_735.jpg
513000001.jpg,0,td_736.jpg
72.jpg,0,td_737.jpg
94000007.jpg,4,td_738.jpg
0060.jpg,4,td_739.jpg
1418.jpg,2,td_740.jpg
167.jpg,1,td_741.jpg
3830000.jpg,3,td_742.jpg
124000000.jpg,0,td_743.jpg
1395.jpg,0,td_744.jpg
99.jpg,0,td_745.jpg
3930000.jpg,4,td_746.jpg
50000004.jpg,4,td_747.jpg
1381.jpg,4,td_748.jpg
0921.jpg,0,td_749.jpg
202000002.jpg,2,td_750.jpg
24 copy.jpg,4,td_751.jpg
312000000.jpg,0,td_752.jpg
0909.jpg,4,td_753.jpg
548000000.jpg,4,td_754.jpg
4400000 (2).jpg,0,td_755.jpg
254000000.jpg,4,td_756.jpg
344000002.jpg,0,td_757.jpg
1154.jpg,0,td_758.jpg
25800000.jpg,0,td_759.jpg
2420000.jpg,0,td_760.jpg
153000003.jpg,4,td_761.jpg
569000001.jpg,4,td_762.jpg
25900000.jpg,4,td_763.jpg
4_1_0_20170110213257550.jpg.chip.jpg,0,td_764.jpg
275000001.jpg,0,td_765.jpg
2520000.jpg,4,td_766.jpg
1140.jpg,0,td_767.jpg
13_0_0_20170104012531409.jpg.chip.jpg,0,td_768.jpg
105000001.jpg,0,td_769.jpg
86000000.jpg,0,td_770.jpg
1168.jpg,4,td_771.jpg
4170000.jpg,4,td_772.jpg
223000003.jpg,2,td_773.jpg
7_0_0_20170110215944035.jpg.chip.jpg,0,td_774.jpg
0504.jpg,0,td_775.jpg
0262.jpg,0,td_776.jpg
4070000.jpg,1,td_777.jpg
5_1_4_20170103210023178.jpg.chip.jpg,0,td_778.jpg
71000005.jpg,4,td_779.jpg
422000002.jpg,0,td_780.jpg
0289.jpg,0,td_781.jpg
532000000.jpg,4,td_782.jpg
42000003.jpg,3,td_783.jpg
365.jpg,0,td_784.jpg
6_1_0_20161220221631666.jpg.chip.jpg,4,td_785.jpg
371.jpg,0,td_786.jpg
1183.jpg,0,td_787.jpg
1600000 (2).jpg,0,td_788.jpg
4300000 (2).jpg,0,td_789.jpg
474000000.jpg,0,td_790.jpg
7_0_0_20170110224429257.jpg.chip.jpg,0,td_791.jpg
14000001.jpg,4,td_792.jpg
real_00081.jpg,0,td_793.jpg
311000008.jpg,4,td_794.jpg
32700001.jpg,4,td_795.jpg
368000000.jpg,0,td_796.jpg
9_0_0_20170110223423662.jpg.chip.jpg,0,td_797.jpg
183000000.jpg,0,td_798.jpg
570000002.jpg,1,td_799.jpg
1034.jpg,0,td_800.jpg
408000007.jpg,3,td_801.jpg
28300000.jpg,4,td_802.jpg
600000002.jpg,4,td_803.jpg
0470.jpg,0,td_804.jpg
1008.jpg,0,td_805.jpg
596000008.jpg,0,td_806.jpg
0316.jpg,0,td_807.jpg
526000000.jpg,4,td_808.jpg
28200000.jpg,4,td_809.jpg
405000004.jpg,0,td_810.jpg
211.jpg,0,td_811.jpg
327000001.jpg,1,td_812.jpg
319000004.jpg,2,td_813.jpg
205.jpg,0,td_814.jpg
111000001.jpg,0,td_815.jpg
4650000.jpg,0,td_816.jpg
92000000.jpg,1,td_817.jpg
261000001.jpg,0,td_818.jpg
3580000.jpg,4,td_819.jpg
371000003.jpg,4,td_820.jpg
4_0_0_20170110213547600.jpg.chip.jpg,0,td_821.jpg
5_1_0_20170109194215705.jpg.chip.jpg,0,td_822.jpg
31900000.jpg,0,td_823.jpg
543000004.jpg,4,td_824.jpg
147000003.jpg,0,td_825.jpg
3480000.jpg,0,td_826.jpg
239.jpg,4,td_827.jpg
4_1_1_20170109194530016.jpg.chip.jpg,0,td_828.jpg
31800000.jpg,0,td_829.jpg
12000006.jpg,4,td_830.jpg
289000000.jpg,3,td_831.jpg
8_1_0_20170103162925343.jpg.chip.jpg,0,td_832.jpg
1222.jpg,3,td_833.jpg
350000002.jpg,0,td_834.jpg
8_1_0_20170109202851846.jpg.chip.jpg,0,td_835.jpg
0896.jpg,2,td_836.jpg
216000002.jpg,4,td_837.jpg
306000000.jpg,1,td_838.jpg
7_1_0_20170109204800702.jpg.chip.jpg,4,td_839.jpg
0100.jpg,4,td_840.jpg
2990000.jpg,0,td_841.jpg
130000000.jpg,0,td_842.jpg
7_1_2_20161219193454051.jpg.chip.jpg,0,td_843.jpg
0114.jpg,4,td_844.jpg
228000007.jpg,4,td_845.jpg
2890000.jpg,0,td_846.jpg
0699.jpg,0,td_847.jpg
0841.jpg,0,td_848.jpg
103000006.jpg,4,td_849.jpg
539000004.jpg,3,td_850.jpg
9_0_0_20170110220232058.jpg.chip.jpg,3,td_851.jpg
507000001.jpg,4,td_852.jpg
0855.jpg,0,td_853.jpg
441000001.jpg,4,td_854.jpg
0869.jpg,0,td_855.jpg
598000002.jpg,4,td_856.jpg
21000001.jpg,4,td_857.jpg
394000000.jpg,0,td_858.jpg
507000000.jpg,4,td_859.jpg
0854.jpg,4,td_860.jpg
262000008.jpg,2,td_861.jpg
0698.jpg,0,td_862.jpg
9_0_0_20170110221723108.jpg.chip.jpg,0,td_863.jpg
3050000.jpg,1,td_864.jpg
130000001.jpg,0,td_865.jpg
228000006.jpg,0,td_866.jpg
0673.jpg,0,td_867.jpg
3150000.jpg,0,td_868.jpg
44000005.jpg,0,td_869.jpg
0101.jpg,0,td_870.jpg
5500000.jpg,0,td_871.jpg
1237.jpg,0,td_872.jpg
0129.jpg,4,td_873.jpg
4280000.jpg,0,td_874.jpg
0897.jpg,4,td_875.jpg
5400000.jpg,1,td_876.jpg
1223.jpg,0,td_877.jpg
289000001.jpg,4,td_878.jpg
4380000.jpg,0,td_879.jpg
147000002.jpg,0,td_880.jpg
banner-image.jpg,0,td_881.jpg
371000002.jpg,0,td_882.jpg
543000005.jpg,1,td_883.jpg
400000.jpg,1,td_884.jpg
204.jpg,0,td_885.jpg
319000005.jpg,0,td_886.jpg
7_0_0_20170110220627122.jpg.chip.jpg,0,td_887.jpg
92000001.jpg,3,td_888.jpg
111000000.jpg,0,td_889.jpg
327000000.jpg,0,td_890.jpg
real_00862.jpg,4,td_891.jpg
4810000.jpg,0,td_892.jpg
0471.jpg,0,td_893.jpg
169106127965489.jpg,0,td_894.jpg
0317.jpg,2,td_895.jpg
596000009.jpg,4,td_896.jpg
408000006.jpg,1,td_897.jpg
600000003.jpg,1,td_898.jpg
8_0_0_20170103200436055.jpg.chip.jpg,0,td_899.jpg
26600000.jpg,3,td_900.jpg
183000001.jpg,3,td_901.jpg
1035.jpg,0,td_902.jpg
8_1_0_20170109202308260.jpg.chip.jpg,0,td_903.jpg
26700000.jpg,3,td_904.jpg
0459.jpg,0,td_905.jpg
593000006.jpg,2,td_906.jpg
8_0_0_20170110215400015.jpg.chip.jpg,3,td_907.jpg
32600000.jpg,4,td_908.jpg
370.jpg,0,td_909.jpg
257000009.jpg,3,td_910.jpg
42000002.jpg,4,td_911.jpg
532000001.jpg,4,td_912.jpg
0288.jpg,0,td_913.jpg
422000003.jpg,0,td_914.jpg
364.jpg,0,td_915.jpg
210000004.jpg,4,td_916.jpg
0505.jpg,0,td_917.jpg
333000000.jpg,0,td_918.jpg
223000002.jpg,0,td_919.jpg
220000.jpg,4,td_920.jpg
0263.jpg,2,td_921.jpg
0277.jpg,0,td_922.jpg
320000.jpg,0,td_923.jpg
105000000.jpg,0,td_924.jpg
0511.jpg,3,td_925.jpg
0539.jpg,1,td_926.jpg
8_1_0_20170109202254541.jpg.chip.jpg,0,td_927.jpg
569000000.jpg,4,td_928.jpg
153000002.jpg,0,td_929.jpg
254000001.jpg,3,td_930.jpg
576000004.jpg,0,td_931.jpg
548000001.jpg,4,td_932.jpg
581000001.jpg,2,td_933.jpg
2 copy.jpg,0,td_934.jpg
1380.jpg,0,td_935.jpg
3670000.jpg,0,td_936.jpg
312000001.jpg,0,td_937.jpg
202000003.jpg,3,td_938.jpg
172.jpg,0,td_939.jpg
3770000.jpg,3,td_940.jpg
166.jpg,0,td_941.jpg
0934.jpg,0,td_942.jpg
1394.jpg,4,td_943.jpg
124000001.jpg,0,td_944.jpg
0061.jpg,0,td_945.jpg
94000006.jpg,4,td_946.jpg
73.jpg,0,td_947.jpg
8_1_0_20170109203248565.jpg.chip.jpg,0,td_948.jpg
1790000.jpg,1,td_949.jpg
1419.jpg,2,td_950.jpg
0707.jpg,4,td_951.jpg
0713.jpg,4,td_952.jpg
513000000.jpg,0,td_953.jpg
129000002.jpg,0,td_954.jpg
403000002.jpg,4,td_955.jpg
380000000.jpg,4,td_956.jpg
8_1_0_20170109203552679.jpg.chip.jpg,4,td_957.jpg
259000002.jpg,3,td_958.jpg
1343.jpg,1,td_959.jpg
290000002.jpg,4,td_960.jpg
1425.jpg,4,td_961.jpg
545000002.jpg,0,td_962.jpg
106000008.jpg,0,td_963.jpg
1357.jpg,0,td_964.jpg
586000002.jpg,4,td_965.jpg
0774.jpg,3,td_966.jpg
740000.jpg,0,td_967.jpg
175000000.jpg,0,td_968.jpg
50000.jpg,4,td_969.jpg
14.jpg,0,td_970.jpg
640000.jpg,1,td_971.jpg
343000000.jpg,4,td_972.jpg
real_00540.jpg,0,td_973.jpg
12_1_0_20170109205045850.jpg.chip.jpg,3,td_974.jpg
0760.jpg,0,td_975.jpg
182000005.jpg,4,td_976.jpg
0748.jpg,0,td_977.jpg
17200000.jpg,1,td_978.jpg
1330.jpg,0,td_979.jpg
409000002.jpg,2,td_980.jpg
123000002.jpg,0,td_981.jpg
31400000.jpg,0,td_982.jpg
3980000.jpg,4,td_983.jpg
1324.jpg,4,td_984.jpg
315000002.jpg,0,td_985.jpg
31500000.jpg,0,td_986.jpg
11_1_0_20170109205247087.jpg.chip.jpg,0,td_987.jpg
17300000.jpg,0,td_988.jpg
205000000.jpg,0,td_989.jpg
64000000.jpg,2,td_990.jpg
1960000.jpg,0,td_991.jpg
8_0_0_20170103201927968.jpg.chip.jpg,0,td_992.jpg
318000001.jpg,0,td_993.jpg
1860000.jpg,1,td_994.jpg
0953.jpg,4,td_995.jpg
13_0_0_20170104012310089.jpg.chip.jpg,0,td_996.jpg
542000001.jpg,4,td_997.jpg
6_0_0_20170110215531428.jpg.chip.jpg,0,td_998.jpg
260000004.jpg,1,td_999.jpg
image1024x768.jpg,0,td_1000.jpg
563000000.jpg,4,td_1001.jpg
0562.jpg,0,td_1002.jpg
0204.jpg,0,td_1003.jpg
1132.jpg,0,td_1004.jpg
229000002.jpg,0,td_1005.jpg
538000001.jpg,4,td_1006.jpg
3310000.jpg,0,td_1007.jpg
38600000.jpg,0,td_1008.jpg
2490000.jpg,0,td_1009.jpg
550000006.jpg,3,td_1010.jpg
38700000.jpg,3,td_1011.jpg
2590000.jpg,0,td_1012.jpg
4_1_0_20170109194222722.jpg.chip.jpg,0,td_1013.jpg
0364.jpg,0,td_1014.jpg
376000001.jpg,0,td_1015.jpg
3530000.jpg,0,td_1016.jpg
0402.jpg,4,td_1017.jpg
288.jpg,0,td_1018.jpg
0416.jpg,0,td_1019.jpg
3430000.jpg,0,td_1020.jpg
381000004.jpg,3,td_1021.jpg
0370.jpg,4,td_1022.jpg
258000006.jpg,4,td_1023.jpg
1046.jpg,0,td_1024.jpg
320000003.jpg,0,td_1025.jpg
230000001.jpg,2,td_1026.jpg
1052.jpg,2,td_1027.jpg
3650002.jpg,2,td_1028.jpg
6600000.jpg,0,td_1029.jpg
607000000.jpg,3,td_1030.jpg
9_0_0_20170110220658769.jpg.chip.jpg,3,td_1031.jpg
6700000.jpg,4,td_1032.jpg
203000007.jpg,3,td_1033.jpg
431000000.jpg,0,td_1034.jpg
549000005.jpg,0,td_1035.jpg
577000000.jpg,4,td_1036.jpg
263.jpg,0,td_1037.jpg
1091.jpg,4,td_1038.jpg
568000004.jpg,3,td_1039.jpg
393000003.jpg,2,td_1040.jpg
283000001.jpg,0,td_1041.jpg
0172.jpg,0,td_1042.jpg
7_1_0_20170109192035908.jpg.chip.jpg,0,td_1043.jpg
556000001.jpg,4,td_1044.jpg
0614.jpg,0,td_1045.jpg
1244.jpg,0,td_1046.jpg
1000001.jpg,4,td_1047.jpg
410000015.jpg,4,td_1048.jpg
104000004.jpg,4,td_1049.jpg
70000000.jpg,4,td_1050.jpg
332000004.jpg,0,td_1051.jpg
6051183639702382.jpg,0,td_1052.jpg
222000006.jpg,3,td_1053.jpg
25500000.jpg,0,td_1054.jpg
301000002.jpg,0,td_1055.jpg
211000000.jpg,4,td_1056.jpg
2920000.jpg,0,td_1057.jpg
137000002.jpg,0,td_1058.jpg
25400000.jpg,4,td_1059.jpg
2820000.jpg,1,td_1060.jpg
357000000.jpg,0,td_1061.jpg
1287.jpg,0,td_1062.jpg
0199.jpg,0,td_1063.jpg
13_0_2_20170103201143159.jpg.chip.jpg,4,td_1064.jpg
0833.jpg,4,td_1065.jpg
161000001.jpg,0,td_1066.jpg
4230000.jpg,4,td_1067.jpg
196000004.jpg,1,td_1068.jpg
0826.jpg,4,td_1069.jpg
15000005.jpg,3,td_1070.jpg
4330000.jpg,4,td_1071.jpg
137000003.jpg,3,td_1072.jpg
2760000.jpg,3,td_1073.jpg
211000001.jpg,3,td_1074.jpg
4_1_0_20170109201102915.jpg.chip.jpg,2,td_1075.jpg
2660000.jpg,1,td_1076.jpg
1251.jpg,0,td_1077.jpg
1100000.jpg,0,td_1078.jpg
222000007.jpg,0,td_1079.jpg
0629.jpg,0,td_1080.jpg
real_01065.jpg,1,td_1081.jpg
104000005.jpg,0,td_1082.jpg
1245.jpg,0,td_1083.jpg
5_1_4_20170103212921764.jpg.chip.jpg,3,td_1084.jpg
0173.jpg,0,td_1085.jpg
556000000.jpg,4,td_1086.jpg
0601.jpg,4,td_1087.jpg
1279.jpg,0,td_1088.jpg
283000000.jpg,4,td_1089.jpg
393000002.jpg,4,td_1090.jpg
184000003.jpg,0,td_1091.jpg
BLOG-Anbar-lead.jpg,0,td_1092.jpg
6_1_0_20170109201829191.jpg.chip.jpg,0,td_1093.jpg
262.jpg,0,td_1094.jpg
577000001.jpg,4,td_1095.jpg
1090.jpg,0,td_1096.jpg
8300000.jpg,0,td_1097.jpg
9_0_0_20170110220311291.jpg.chip.jpg,4,td_1098.jpg
13_0_0_20170110224625011.jpg.chip.jpg,4,td_1099.jpg
39000007.jpg,3,td_1100.jpg
8200000.jpg,0,td_1101.jpg
203000006.jpg,4,td_1102.jpg
431000001.jpg,1,td_1103.jpg
98000000.jpg,0,td_1104.jpg
51000000.jpg,0,td_1105.jpg
6_1_0_20170109201628566.jpg.chip.jpg,0,td_1106.jpg
95000003.jpg,4,td_1107.jpg
22200000.jpg,4,td_1108.jpg
1053.jpg,0,td_1109.jpg
0359.jpg,0,td_1110.jpg
8_1_0_20170103200956895.jpg.chip.jpg,0,td_1111.jpg
22300000.jpg,4,td_1112.jpg
230000000.jpg,3,td_1113.jpg
320000002.jpg,3,td_1114.jpg
635628942417680274.jpg,3,td_1115.jpg
0417.jpg,0,td_1116.jpg
258000007.jpg,4,td_1117.jpg
0371.jpg,0,td_1118.jpg
381000005.jpg,3,td_1119.jpg
376000000.jpg,0,td_1120.jpg
0365.jpg,0,td_1121.jpg
9_0_0_20170110220339426.jpg.chip.jpg,4,td_1122.jpg
7_1_4_20161221193125000.jpg.chip.jpg,0,td_1123.jpg
362000000.jpg,4,td_1124.jpg
302.jpg,0,td_1125.jpg
154000000.jpg,0,td_1126.jpg
290000.jpg,0,td_1127.jpg
2018_9_9_119_49_46_481.jpg,0,td_1128.jpg
5900000.jpg,0,td_1129.jpg
102000002.jpg,0,td_1130.jpg
538000000.jpg,4,td_1131.jpg
390000.jpg,0,td_1132.jpg
36200000.jpg,0,td_1133.jpg
339000001.jpg,0,td_1134.jpg
1127.jpg,0,td_1135.jpg
4_0_0_20170110232756133.jpg.chip.jpg,0,td_1136.jpg
10_1_0_20170109203438428.jpg.chip.jpg,0,td_1137.jpg
0205.jpg,0,td_1138.jpg
16 copy.jpg,0,td_1139.jpg
real_00031.jpg,4,td_1140.jpg
0211.jpg,0,td_1141.jpg
0577.jpg,0,td_1142.jpg
563000001.jpg,0,td_1143.jpg
17 copy.jpg,0,td_1144.jpg
297000000.jpg,0,td_1145.jpg
0946.jpg,0,td_1146.jpg
114.jpg,3,td_1147.jpg
542000000.jpg,4,td_1148.jpg
100.jpg,4,td_1149.jpg
260000005.jpg,3,td_1150.jpg
208000002.jpg,0,td_1151.jpg
asia-china-girls-laugh-royalty-free-thumbnail.jpg,0,td_1152.jpg
318000000.jpg,4,td_1153.jpg
128.jpg,0,td_1154.jpg
8_1_0_20170109202858319.jpg.chip.jpg,0,td_1155.jpg
7_1_0_20170109204550837.jpg.chip.jpg,4,td_1156.jpg
404000000.jpg,4,td_1157.jpg
64000001.jpg,0,td_1158.jpg
1325.jpg,4,td_1159.jpg
29.jpg,0,td_1160.jpg
2140000.jpg,4,td_1161.jpg
0985.jpg,0,td_1162.jpg
1443.jpg,0,td_1163.jpg
315000003.jpg,0,td_1164.jpg
0749.jpg,0,td_1165.jpg
3880001.jpg,0,td_1166.jpg
123000003.jpg,0,td_1167.jpg
409000003.jpg,0,td_1168.jpg
2040000.jpg,4,td_1169.jpg
1319.jpg,0,td_1170.jpg
19700000.jpg,4,td_1171.jpg
343000001.jpg,0,td_1172.jpg
182000004.jpg,3,td_1173.jpg
0761.jpg,0,td_1174.jpg
4410000.jpg,0,td_1175.jpg
175000001.jpg,4,td_1176.jpg
8_1_0_20170109203324490.jpg.chip.jpg,0,td_1177.jpg
800000.jpg,4,td_1178.jpg
19600000.jpg,0,td_1179.jpg
0775.jpg,0,td_1180.jpg
586000003.jpg,0,td_1181.jpg
0013.jpg,0,td_1182.jpg
4510000.jpg,3,td_1183.jpg
10_0_0_20170110220539329.jpg.chip.jpg,0,td_1184.jpg
0763.jpg,0,td_1185.jpg
17.jpg,0,td_1186.jpg
343000003.jpg,1,td_1187.jpg
10_0_0_20170110220541850.jpg.chip.jpg,2,td_1188.jpg
253000001.jpg,0,td_1189.jpg
2320000.jpg,4,td_1190.jpg
0011.jpg,4,td_1191.jpg
586000001.jpg,1,td_1192.jpg
0777.jpg,0,td_1193.jpg
2220000.jpg,0,td_1194.jpg
315000001.jpg,0,td_1195.jpg
1441.jpg,0,td_1196.jpg
1327.jpg,2,td_1197.jpg
7_1_2_20161219160327198.jpg.chip.jpg,0,td_1198.jpg
1333.jpg,4,td_1199.jpg
fgn.jpg,0,td_1200.jpg
69000000.jpg,0,td_1201.jpg
10000008.jpg,4,td_1202.jpg
7_1_0_20170109200858883.jpg.chip.jpg,2,td_1203.jpg
123000001.jpg,4,td_1204.jpg
4770000.jpg,0,td_1205.jpg
fu.jpg,3,td_1206.jpg
1455.jpg,0,td_1207.jpg
0993.jpg,4,td_1208.jpg
318000002.jpg,4,td_1209.jpg
0978.jpg,3,td_1210.jpg
514000000.jpg,0,td_1211.jpg
64000003.jpg,0,td_1212.jpg
404000002.jpg,3,td_1213.jpg
8_0_0_20170110215948795.jpg.chip.jpg,4,td_1214.jpg
4_1_0_20170109193404863.jpg.chip.jpg,0,td_1215.jpg
387000000.jpg,0,td_1216.jpg
8_1_0_20161220223020578.jpg.chip.jpg,0,td_1217.jpg
102.jpg,4,td_1218.jpg
0950.jpg,4,td_1219.jpg
542000002.jpg,4,td_1220.jpg
1440000.jpg,0,td_1221.jpg
452000000.jpg,0,td_1222.jpg
35700000.jpg,2,td_1223.jpg
0207.jpg,4,td_1224.jpg
1119.jpg,2,td_1225.jpg
13100000.jpg,4,td_1226.jpg
13000000.jpg,0,td_1227.jpg
7_1_0_20170109204120279.jpg.chip.jpg,0,td_1228.jpg
563000003.jpg,0,td_1229.jpg
190000001.jpg,0,td_1230.jpg
35600000.jpg,0,td_1231.jpg
real_00033.jpg,4,td_1232.jpg
9_1_0_20170109204249427.jpg.chip.jpg,0,td_1233.jpg
8_1_0_20170109203907694.jpg.chip.jpg,0,td_1234.jpg
229000001.jpg,0,td_1235.jpg
0549.jpg,0,td_1236.jpg
6_1_4_20170104005453175.jpg.chip.jpg,0,td_1237.jpg
5_1_0_20170109194229104.jpg.chip.jpg,0,td_1238.jpg
334000000.jpg,2,td_1239.jpg
22 copy.jpg,4,td_1240.jpg
328.jpg,0,td_1241.jpg
538000002.jpg,0,td_1242.jpg
23 copy.jpg,1,td_1243.jpg
272000000.jpg,2,td_1244.jpg
314.jpg,0,td_1245.jpg
381000007.jpg,3,td_1246.jpg
0373.jpg,1,td_1247.jpg
0415.jpg,0,td_1248.jpg
1079.jpg,0,td_1249.jpg
0367.jpg,0,td_1250.jpg
4_0_1_20170110213631827.jpg.chip.jpg,0,td_1251.jpg
376000002.jpg,0,td_1252.jpg
266000000.jpg,4,td_1253.jpg
95000001.jpg,4,td_1254.jpg
3910000.jpg,0,td_1255.jpg
116000000.jpg,0,td_1256.jpg
0429.jpg,0,td_1257.jpg
320000000.jpg,3,td_1258.jpg
402000005.jpg,3,td_1259.jpg
1045.jpg,0,td_1260.jpg
591000009.jpg,0,td_1261.jpg
203000004.jpg,0,td_1262.jpg
607000003.jpg,0,td_1263.jpg
248.jpg,4,td_1264.jpg
260.jpg,0,td_1265.jpg
577000003.jpg,4,td_1266.jpg
549000006.jpg,0,td_1267.jpg
274.jpg,0,td_1268.jpg
0398.jpg,0,td_1269.jpg
26000001.jpg,0,td_1270.jpg
6_1_4_20170103230723185.jpg.chip.jpg,0,td_1271.jpg
0617.jpg,4,td_1272.jpg
393000000.jpg,3,td_1273.jpg
0165.jpg,0,td_1274.jpg
283000002.jpg,0,td_1275.jpg
0603.jpg,4,td_1276.jpg
568000007.jpg,3,td_1277.jpg
222000005.jpg,3,td_1278.jpg
28400000.jpg,4,td_1279.jpg
1253.jpg,0,td_1280.jpg
0159.jpg,0,td_1281.jpg
1000002.jpg,4,td_1282.jpg
1247.jpg,0,td_1283.jpg
410000016.jpg,4,td_1284.jpg
104000007.jpg,0,td_1285.jpg
5_0_2_20161219192249187.jpg.chip.jpg,0,td_1286.jpg
28500000.jpg,1,td_1287.jpg
4050000.jpg,0,td_1288.jpg
137000001.jpg,3,td_1289.jpg
43000005.jpg,3,td_1290.jpg
300001.jpg,1,td_1291.jpg
211000003.jpg,1,td_1292.jpg
0818.jpg,0,td_1293.jpg
4150000.jpg,3,td_1294.jpg
3280000.jpg,3,td_1295.jpg
592000001.jpg,3,td_1296.jpg
0830.jpg,4,td_1297.jpg
1290.jpg,0,td_1298.jpg
2500000.jpg,0,td_1299.jpg
17800000.jpg,1,td_1300.jpg
1284.jpg,0,td_1301.jpg
3380000.jpg,0,td_1302.jpg
196000006.jpg,0,td_1303.jpg
17900000.jpg,4,td_1304.jpg
247000000.jpg,0,td_1305.jpg
196000007.jpg,2,td_1306.jpg
15000006.jpg,4,td_1307.jpg
0825.jpg,0,td_1308.jpg
1291.jpg,0,td_1309.jpg
8_1_0_20170109202748999.jpg.chip.jpg,0,td_1310.jpg
300000.jpg,0,td_1311.jpg
0819.jpg,0,td_1312.jpg
211000002.jpg,2,td_1313.jpg
301000000.jpg,0,td_1314.jpg
200000.jpg,4,td_1315.jpg
9_0_0_20170110220700428.jpg.chip.jpg,4,td_1316.jpg
8_1_0_20170109201536853.jpg.chip.jpg,0,td_1317.jpg
104000006.jpg,4,td_1318.jpg
410000017.jpg,4,td_1319.jpg
1246.jpg,0,td_1320.jpg
8_1_0_20170109200833660.jpg.chip.jpg,0,td_1321.jpg
222000004.jpg,3,td_1322.jpg
1252.jpg,2,td_1323.jpg
393000001.jpg,3,td_1324.jpg
568000006.jpg,4,td_1325.jpg
26000000.jpg,0,td_1326.jpg
0170.jpg,0,td_1327.jpg
1087.jpg,4,td_1328.jpg
0399.jpg,0,td_1329.jpg
1093.jpg,0,td_1330.jpg
2793971-1485914770.jpg,0,td_1331.jpg
184000000.jpg,0,td_1332.jpg
577000002.jpg,3,td_1333.jpg
607000002.jpg,0,td_1334.jpg
article-1319957-1473265046.jpg,0,td_1335.jpg
591000008.jpg,1,td_1336.jpg
521000000.jpg,0,td_1337.jpg
203000005.jpg,0,td_1338.jpg
320000001.jpg,3,td_1339.jpg
3750000.jpg,1,td_1340.jpg
7_1_4_20170103201832231.jpg.chip.jpg,0,td_1341.jpg
95000000.jpg,4,td_1342.jpg
0428.jpg,0,td_1343.jpg
36900000.jpg,0,td_1344.jpg
0400.jpg,4,td_1345.jpg
890000.jpg,4,td_1346.jpg
5200000.jpg,4,td_1347.jpg
266000001.jpg,0,td_1348.jpg
0366.jpg,0,td_1349.jpg
1078.jpg,4,td_1350.jpg
4580000.jpg,0,td_1351.jpg
258000004.jpg,0,td_1352.jpg
0372.jpg,0,td_1353.jpg
5300000.jpg,0,td_1354.jpg
990000.jpg,4,td_1355.jpg
4480000.jpg,0,td_1356.jpg
301.jpg,0,td_1357.jpg
8_1_0_20170109203209685.jpg.chip.jpg,0,td_1358.jpg
8_1_0_20170109202756111.jpg.chip.jpg,0,td_1359.jpg
22800000.jpg,3,td_1360.jpg
272000001.jpg,0,td_1361.jpg
22900000.jpg,4,td_1362.jpg
315.jpg,0,td_1363.jpg
3170000.jpg,0,td_1364.jpg
102000001.jpg,0,td_1365.jpg
538000003.jpg,4,td_1366.jpg
48000000.jpg,4,td_1367.jpg
3070000.jpg,0,td_1368.jpg
329.jpg,0,td_1369.jpg
334000001.jpg,0,td_1370.jpg
real_00768.jpg,0,td_1371.jpg
12_1_0_20170109212505669.jpg.chip.jpg,0,td_1372.jpg
1130.jpg,0,td_1373.jpg
1124.jpg,0,td_1374.jpg
1190000.jpg,0,td_1375.jpg
229000000.jpg,0,td_1376.jpg
0574.jpg,0,td_1377.jpg
159000000.jpg,0,td_1378.jpg
190000000.jpg,0,td_1379.jpg
563000002.jpg,0,td_1380.jpg
real_00032.jpg,0,td_1381.jpg
0212.jpg,0,td_1382.jpg
0560.jpg,0,td_1383.jpg
260000006.jpg,3,td_1384.jpg
14600000.jpg,0,td_1385.jpg
0789.jpg,0,td_1386.jpg
32000000.jpg,0,td_1387.jpg
542000003.jpg,4,td_1388.jpg
103.jpg,4,td_1389.jpg
10_0_0_20170110220503946.jpg.chip.jpg,0,td_1390.jpg
117.jpg,1,td_1391.jpg
14700000.jpg,0,td_1392.jpg
404000003.jpg,0,td_1393.jpg
208000001.jpg,0,td_1394.jpg
318000003.jpg,0,td_1395.jpg
0979.jpg,0,td_1396.jpg
123000000.jpg,0,td_1397.jpg
520000.jpg,0,td_1398.jpg
10000009.jpg,4,td_1399.jpg
409000000.jpg,4,td_1400.jpg
1332.jpg,4,td_1401.jpg
0992.jpg,4,td_1402.jpg
4830000.jpg,0,td_1403.jpg
0986.jpg,0,td_1404.jpg
1440.jpg,0,td_1405.jpg
420000.jpg,0,td_1406.jpg
315000000.jpg,0,td_1407.jpg
0010.jpg,2,td_1408.jpg
800000 (2).jpg,4,td_1409.jpg
1468.jpg,0,td_1410.jpg
586000000.jpg,1,td_1411.jpg
182000007.jpg,3,td_1412.jpg
0762.jpg,0,td_1413.jpg
253000000.jpg,0,td_1414.jpg
real_00224.jpg,0,td_1415.jpg
8_1_0_20170109202422175.jpg.chip.jpg,4,td_1416.jpg
343000002.jpg,0,td_1417.jpg
16.jpg,0,td_1418.jpg
57000000.jpg,0,td_1419.jpg
1322.jpg,4,td_1420.jpg
437000001.jpg,4,td_1421.jpg
0982.jpg,1,td_1422.jpg
1444.jpg,4,td_1423.jpg
enrol-banner-3.jpg,0,td_1424.jpg
409000004.jpg,3,td_1425.jpg
123000004.jpg,1,td_1426.jpg
12.jpg,0,td_1427.jpg
571000001.jpg,4,td_1428.jpg
8_1_0_20170109203435759.jpg.chip.jpg,0,td_1429.jpg
586000004.jpg,3,td_1430.jpg
370000000.jpg,1,td_1431.jpg
260000002.jpg,4,td_1432.jpg
24200000.jpg,4,td_1433.jpg
8_0_3_20161220222825331.jpg.chip.jpg,0,td_1434.jpg
326000002.jpg,4,td_1435.jpg
236000000.jpg,0,td_1436.jpg
24300000.jpg,4,td_1437.jpg
gW0udsjdG-oo3pcHEnIMubJ_CqQxvkmKG_YXxKqnpF329Ha7GNKMSyIiq6obRJvPHwUsA6ef2b_9h-RjUTYHjHpnjgrR0zR0ebBv8G0yusIyFZJWp5lgNFgAnkW1qfVQrkEBuFTbMc4r7ok.jpg,4,td_1438.jpg
4760000.jpg,3,td_1439.jpg
229000004.jpg,0,td_1440.jpg
0558.jpg,4,td_1441.jpg
1120.jpg,4,td_1442.jpg
217000001.jpg,4,td_1443.jpg
13_0_0_20170110225302179.jpg.chip.jpg,0,td_1444.jpg
0564.jpg,0,td_1445.jpg
484000001.jpg,0,td_1446.jpg
167000001.jpg,0,td_1447.jpg
0216.jpg,0,td_1448.jpg
351000001.jpg,0,td_1449.jpg
2330000.jpg,0,td_1450.jpg
0570.jpg,0,td_1451.jpg
550000000.jpg,4,td_1452.jpg
4800000 (2).jpg,0,td_1453.jpg
311.jpg,0,td_1454.jpg
440000002.jpg,0,td_1455.jpg
1450000.jpg,0,td_1456.jpg
8_0_3_20170104225230063.jpg.chip.jpg,0,td_1457.jpg
1550000.jpg,4,td_1458.jpg
235000008.jpg,2,td_1459.jpg
285000000.jpg,0,td_1460.jpg
305.jpg,0,td_1461.jpg
10_1_0_20170109201728056.jpg.chip.jpg,1,td_1462.jpg
7100000.jpg,0,td_1463.jpg
76000001.jpg,1,td_1464.jpg
7000000.jpg,0,td_1465.jpg
339.jpg,0,td_1466.jpg
4_0_0_20161220220926474.jpg.chip.jpg,0,td_1467.jpg
1054.jpg,0,td_1468.jpg
95000004.jpg,4,td_1469.jpg
512000002.jpg,0,td_1470.jpg
1040.jpg,0,td_1471.jpg
402000000.jpg,3,td_1472.jpg
128000000.jpg,4,td_1473.jpg
0438.jpg,0,td_1474.jpg
381000002.jpg,3,td_1475.jpg
1068.jpg,0,td_1476.jpg
258000000.jpg,1,td_1477.jpg
1370000.jpg,0,td_1478.jpg
544000000.jpg,4,td_1479.jpg
8_1_0_20170109203448247.jpg.chip.jpg,0,td_1480.jpg
184000004.jpg,3,td_1481.jpg
345000001.jpg,0,td_1482.jpg
3390000.jpg,0,td_1483.jpg
0389.jpg,0,td_1484.jpg
1097.jpg,4,td_1485.jpg
2510000.jpg,4,td_1486.jpg
1083.jpg,4,td_1487.jpg
3290000.jpg,3,td_1488.jpg
39000000.jpg,1,td_1489.jpg
40000008.jpg,4,td_1490.jpg
271.jpg,0,td_1491.jpg
173000001.jpg,0,td_1492.jpg
4140000.jpg,0,td_1493.jpg
203000001.jpg,0,td_1494.jpg
4040000.jpg,0,td_1495.jpg
5487926-218834837.jpg,0,td_1496.jpg
0148.jpg,1,td_1497.jpg
1256.jpg,0,td_1498.jpg
332000002.jpg,0,td_1499.jpg
16500000.jpg,0,td_1500.jpg
3800000.jpg,4,td_1501.jpg
30300000.jpg,0,td_1502.jpg
222000000.jpg,2,td_1503.jpg
30200000.jpg,0,td_1504.jpg
410000013.jpg,0,td_1505.jpg
104000002.jpg,4,td_1506.jpg
3900000.jpg,3,td_1507.jpg
364000000.jpg,4,td_1508.jpg
568000002.jpg,3,td_1509.jpg
0606.jpg,4,td_1510.jpg
18000001.jpg,4,td_1511.jpg
152000000.jpg,0,td_1512.jpg
0160.jpg,0,td_1513.jpg
1295.jpg,0,td_1514.jpg
592000004.jpg,0,td_1515.jpg
29900000.jpg,4,td_1516.jpg
0835.jpg,0,td_1517.jpg
0821.jpg,0,td_1518.jpg
15000002.jpg,4,td_1519.jpg
196000003.jpg,4,td_1520.jpg
29800000.jpg,4,td_1521.jpg
9_0_0_20170110220239466.jpg.chip.jpg,4,td_1522.jpg
137000004.jpg,3,td_1523.jpg
0809.jpg,4,td_1524.jpg
4_1_1_20161219160501453.jpg.chip.jpg,0,td_1525.jpg
170000009.jpg,0,td_1526.jpg
43000000.jpg,3,td_1527.jpg
423000001.jpg,4,td_1528.jpg
109000000.jpg,3,td_1529.jpg
423000000.jpg,4,td_1530.jpg
43000001.jpg,0,td_1531.jpg
137000005.jpg,0,td_1532.jpg
10_0_0_20170110220548521.jpg.chip.jpg,0,td_1533.jpg
196000002.jpg,0,td_1534.jpg
0820.jpg,2,td_1535.jpg
279000000.jpg,4,td_1536.jpg
4490000.jpg,3,td_1537.jpg
152000001.jpg,0,td_1538.jpg
18000000.jpg,0,td_1539.jpg
568000003.jpg,0,td_1540.jpg
18100000.jpg,0,td_1541.jpg
4590000.jpg,0,td_1542.jpg
0613.jpg,0,td_1543.jpg
880000.jpg,4,td_1544.jpg
3640000.jpg,0,td_1545.jpg
104000003.jpg,3,td_1546.jpg
1243.jpg,0,td_1547.jpg
87000002.jpg,4,td_1548.jpg
222000001.jpg,1,td_1549.jpg
9_0_0_20170110220427042.jpg.chip.jpg,4,td_1550.jpg
332000003.jpg,2,td_1551.jpg
37400000.jpg,1,td_1552.jpg
210000.jpg,4,td_1553.jpg
258.jpg,0,td_1554.jpg
37500000.jpg,0,td_1555.jpg
310000.jpg,3,td_1556.jpg
1082.jpg,3,td_1557.jpg
490000000.jpg,0,td_1558.jpg
173000000.jpg,4,td_1559.jpg
40000009.jpg,0,td_1560.jpg
9_0_0_20170110220159083.jpg.chip.jpg,4,td_1561.jpg
549000002.jpg,1,td_1562.jpg
39000001.jpg,4,td_1563.jpg
184000005.jpg,4,td_1564.jpg
264.jpg,0,td_1565.jpg
255000002.jpg,0,td_1566.jpg
1096.jpg,2,td_1567.jpg
0388.jpg,0,td_1568.jpg
4_0_0_20170110213408453.jpg.chip.jpg,0,td_1569.jpg
266000004.jpg,4,td_1570.jpg
0363.jpg,0,td_1571.jpg
7_0_0_20170110215335739.jpg.chip.jpg,0,td_1572.jpg
544000001.jpg,1,td_1573.jpg
9_0_0_20170110224411209.jpg.chip.jpg,0,td_1574.jpg
0411.jpg,0,td_1575.jpg
1069.jpg,0,td_1576.jpg
128000001.jpg,0,td_1577.jpg
1041.jpg,0,td_1578.jpg
62000000.jpg,0,td_1579.jpg
230000006.jpg,0,td_1580.jpg
320000004.jpg,4,td_1581.jpg
1055.jpg,0,td_1582.jpg
7_1_0_20170109200828410.jpg.chip.jpg,4,td_1583.jpg
76000000.jpg,4,td_1584.jpg
235000009.jpg,0,td_1585.jpg
9_0_1_20170110220431778.jpg.chip.jpg,1,td_1586.jpg
6_0_0_20170110224301470.jpg.chip.jpg,0,td_1587.jpg
310.jpg,0,td_1588.jpg
_108749337_gettyimages-859203314.jpg,0,td_1589.jpg
550000001.jpg,0,td_1590.jpg
7_1_0_20170109205113183.jpg.chip.jpg,0,td_1591.jpg
351000000.jpg,4,td_1592.jpg
398000000.jpg,3,td_1593.jpg
0217.jpg,0,td_1594.jpg
0571.jpg,0,td_1595.jpg
167000000.jpg,0,td_1596.jpg
484000000.jpg,0,td_1597.jpg
0203.jpg,0,td_1598.jpg
real_00023.jpg,0,td_1599.jpg
1135.jpg,0,td_1600.jpg
217000000.jpg,4,td_1601.jpg
430000.jpg,0,td_1602.jpg
23500000.jpg,0,td_1603.jpg
hjebjhegbz.jpg,4,td_1604.jpg
229000005.jpg,0,td_1605.jpg
4820000.jpg,0,td_1606.jpg
23400000.jpg,0,td_1607.jpg
530000.jpg,0,td_1608.jpg
236000001.jpg,3,td_1609.jpg
404000006.jpg,3,td_1610.jpg
3060000.jpg,1,td_1611.jpg
64000007.jpg,4,td_1612.jpg
3160000.jpg,0,td_1613.jpg
542000006.jpg,1,td_1614.jpg
260000003.jpg,4,td_1615.jpg
370000001.jpg,0,td_1616.jpg
49 copy.jpg,0,td_1617.jpg
112.jpg,0,td_1618.jpg
146000001.jpg,0,td_1619.jpg
0015.jpg,0,td_1620.jpg
13.jpg,3,td_1621.jpg
182000002.jpg,0,td_1622.jpg
0767.jpg,0,td_1623.jpg
571000000.jpg,3,td_1624.jpg
0997.jpg,4,td_1625.jpg
1180000.jpg,0,td_1626.jpg
vbm.jpg,2,td_1627.jpg
123000005.jpg,0,td_1628.jpg
0029.jpg,0,td_1629.jpg
1337.jpg,0,td_1630.jpg
437000000.jpg,0,td_1631.jpg
57000001.jpg,4,td_1632.jpg
1445.jpg,0,td_1633.jpg
0983.jpg,0,td_1634.jpg
315000005.jpg,0,td_1635.jpg
1335.jpg,4,td_1636.jpg
12_0_0_20170110232735095.jpg.chip.jpg,0,td_1637.jpg
4_1_1_20170109194520772.jpg.chip.jpg,0,td_1638.jpg
0995.jpg,4,td_1639.jpg
29300000.jpg,0,td_1640.jpg
1453.jpg,0,td_1641.jpg
0759.jpg,0,td_1642.jpg
315000007.jpg,2,td_1643.jpg
0981.jpg,0,td_1644.jpg
1447.jpg,0,td_1645.jpg
3900000 (2).jpg,0,td_1646.jpg
527000000.jpg,0,td_1647.jpg
29200000.jpg,0,td_1648.jpg
0771.jpg,0,td_1649.jpg
586000007.jpg,4,td_1650.jpg
571000002.jpg,0,td_1651.jpg
0765.jpg,0,td_1652.jpg
182000000.jpg,0,td_1653.jpg
11.jpg,0,td_1654.jpg
9_0_0_20170110220442681.jpg.chip.jpg,4,td_1655.jpg
6644306-871424946.jpg,0,td_1656.jpg
104.jpg,0,td_1657.jpg
542000004.jpg,3,td_1658.jpg
0942.jpg,4,td_1659.jpg
146000003.jpg,0,td_1660.jpg
110.jpg,3,td_1661.jpg
30800000.jpg,1,td_1662.jpg
3300000.jpg,3,td_1663.jpg
9_0_0_20170110220238481.jpg.chip.jpg,0,td_1664.jpg
404000004.jpg,0,td_1665.jpg
7_1_4_20170104010111013.jpg.chip.jpg,0,td_1666.jpg
326000001.jpg,4,td_1667.jpg
138.jpg,0,td_1668.jpg
8_1_0_20170109201714114.jpg.chip.jpg,4,td_1669.jpg
307000000.jpg,0,td_1670.jpg
217000002.jpg,3,td_1671.jpg
getty_rf_photo_of_girl_getting_ear_drops.jpg,0,td_1672.jpg
4_1_0_20170109194429005.jpg.chip.jpg,1,td_1673.jpg
0229.jpg,0,td_1674.jpg
1137.jpg,1,td_1675.jpg
3990000.jpg,1,td_1676.jpg
8_1_0_20170109202859958.jpg.chip.jpg,4,td_1677.jpg
131000000.jpg,0,td_1678.jpg
3890000.jpg,0,td_1679.jpg
229000007.jpg,4,td_1680.jpg
0573.jpg,0,td_1681.jpg
650000.jpg,0,td_1682.jpg
real_00035.jpg,0,td_1683.jpg
241000000.jpg,0,td_1684.jpg
288000000.jpg,0,td_1685.jpg
594000000.jpg,4,td_1686.jpg
40000.jpg,0,td_1687.jpg
167000002.jpg,4,td_1688.jpg
750000.jpg,0,td_1689.jpg
306.jpg,0,td_1690.jpg
20100000.jpg,0,td_1691.jpg
325000009.jpg,4,td_1692.jpg
550000003.jpg,3,td_1693.jpg
312.jpg,4,td_1694.jpg
440000001.jpg,0,td_1695.jpg
59000008.jpg,4,td_1696.jpg
1870000.jpg,0,td_1697.jpg
506000001.jpg,0,td_1698.jpg
76000002.jpg,0,td_1699.jpg
1970000.jpg,0,td_1700.jpg
320000006.jpg,0,td_1701.jpg
512000001.jpg,0,td_1702.jpg
128000003.jpg,0,td_1703.jpg
95000007.jpg,0,td_1704.jpg
34000000.jpg,3,td_1705.jpg
0407.jpg,2,td_1706.jpg
0361.jpg,0,td_1707.jpg
266000006.jpg,4,td_1708.jpg
4_1_0_20170109193342601.jpg.chip.jpg,0,td_1709.jpg
381000001.jpg,2,td_1710.jpg
291000003.jpg,0,td_1711.jpg
0375.jpg,1,td_1712.jpg
34100000.jpg,4,td_1713.jpg
0413.jpg,4,td_1714.jpg
299.jpg,0,td_1715.jpg
549000000.jpg,4,td_1716.jpg
272.jpg,0,td_1717.jpg
173000002.jpg,4,td_1718.jpg
8_1_0_20170109200841548.jpg.chip.jpg,0,td_1719.jpg
255000000.jpg,2,td_1720.jpg
4320001.jpg,0,td_1721.jpg
1094.jpg,4,td_1722.jpg
170000.jpg,0,td_1723.jpg
2830000.jpg,0,td_1724.jpg
125000000.jpg,0,td_1725.jpg
51000004.jpg,4,td_1726.jpg
2930000.jpg,4,td_1727.jpg
717405371983265.jpg,0,td_1728.jpg
313000000.jpg,3,td_1729.jpg
203000002.jpg,0,td_1730.jpg
34 copy.jpg,0,td_1731.jpg
87000000.jpg,4,td_1732.jpg
410000010.jpg,4,td_1733.jpg
104000001.jpg,0,td_1734.jpg
332000001.jpg,0,td_1735.jpg
222000003.jpg,3,td_1736.jpg
24800000.jpg,4,td_1737.jpg
568000001.jpg,4,td_1738.jpg
3420000.jpg,0,td_1739.jpg
24900000.jpg,0,td_1740.jpg
0177.jpg,0,td_1741.jpg
3520000.jpg,0,td_1742.jpg
9_1_0_20170109202228755.jpg.chip.jpg,0,td_1743.jpg
1269.jpg,0,td_1744.jpg
10_1_0_20170109203218966.jpg.chip.jpg,0,td_1745.jpg
12_0_0_20170110225330874.jpg.chip.jpg,0,td_1746.jpg
15000001.jpg,4,td_1747.jpg
475000000.jpg,0,td_1748.jpg
196000000.jpg,2,td_1749.jpg
592000007.jpg,2,td_1750.jpg
5_1_0_20170109193957869.jpg.chip.jpg,0,td_1751.jpg
0836.jpg,0,td_1752.jpg
369000000.jpg,0,td_1753.jpg
6_1_0_20170109201806817.jpg.chip.jpg,0,td_1754.jpg
533000000.jpg,4,td_1755.jpg
9441051-1518414373.jpg,0,td_1756.jpg
43000002.jpg,0,td_1757.jpg
upi.jpg,0,td_1758.jpg
7_1_4_20170103233309314.jpg.chip.jpg,0,td_1759.jpg
33700000.jpg,0,td_1760.jpg
369000001.jpg,0,td_1761.jpg
8_1_0_20170109202804967.jpg.chip.jpg,0,td_1762.jpg
196000001.jpg,4,td_1763.jpg
33600000.jpg,0,td_1764.jpg
0610.jpg,0,td_1765.jpg
274000000.jpg,4,td_1766.jpg
1268.jpg,0,td_1767.jpg
152000002.jpg,0,td_1768.jpg
best-frie3nds.jpg,0,td_1769.jpg
0604.jpg,1,td_1770.jpg
568000000.jpg,4,td_1771.jpg
222000002.jpg,3,td_1772.jpg
382000008.jpg,4,td_1773.jpg
42 copy.jpg,3,td_1774.jpg
1254.jpg,0,td_1775.jpg
104000000.jpg,0,td_1776.jpg
43 copy.jpg,0,td_1777.jpg
410000011.jpg,4,td_1778.jpg
87000001.jpg,0,td_1779.jpg
12_1_0_20170109204750280.jpg.chip.jpg,4,td_1780.jpg
2670000.jpg,1,td_1781.jpg
203000003.jpg,0,td_1782.jpg
2770000.jpg,0,td_1783.jpg
607000004.jpg,4,td_1784.jpg
125000001.jpg,3,td_1785.jpg
1095.jpg,4,td_1786.jpg
255000001.jpg,4,td_1787.jpg
267.jpg,0,td_1788.jpg
549000001.jpg,0,td_1789.jpg
4220000.jpg,4,td_1790.jpg
4_1_0_20170109204331818.jpg.chip.jpg,0,td_1791.jpg
580000001.jpg,1,td_1792.jpg
0374.jpg,0,td_1793.jpg
258000002.jpg,4,td_1794.jpg
291000002.jpg,0,td_1795.jpg
381000000.jpg,3,td_1796.jpg
JVuTD_uldx17weOi4mBOqlBk5f-IhJ-dVWgHPRMS7X_ihXWXAwbsNhXTDq8PbzvzRtFVdUnA7hMtdcoJvsYH7deA0lIu2KFqUSTmbROfgw.jpg,0,td_1797.jpg
348000000.jpg,0,td_1798.jpg
298.jpg,0,td_1799.jpg
0412.jpg,4,td_1800.jpg
544000002.jpg,3,td_1801.jpg
34000001.jpg,3,td_1802.jpg
7_1_4_20170103230718288.jpg.chip.jpg,0,td_1803.jpg
0348.jpg,4,td_1804.jpg
95000006.jpg,2,td_1805.jpg
1056.jpg,4,td_1806.jpg
1110000.jpg,0,td_1807.jpg
320000007.jpg,0,td_1808.jpg
128000002.jpg,0,td_1809.jpg
512000000.jpg,0,td_1810.jpg
1630000.jpg,0,td_1811.jpg
506000000.jpg,0,td_1812.jpg
13_0_2_20170103201417686.jpg.chip.jpg,0,td_1813.jpg
59000009.jpg,4,td_1814.jpg
440000000.jpg,4,td_1815.jpg
313.jpg,0,td_1816.jpg
0599.jpg,0,td_1817.jpg
550000002.jpg,2,td_1818.jpg
325000008.jpg,2,td_1819.jpg
11800000.jpg,0,td_1820.jpg
810000.jpg,0,td_1821.jpg
0566.jpg,0,td_1822.jpg
0572.jpg,0,td_1823.jpg
4400000.jpg,0,td_1824.jpg
241000001.jpg,4,td_1825.jpg
real_00034.jpg,1,td_1826.jpg
910000.jpg,0,td_1827.jpg
8_1_0_20170109202257880.jpg.chip.jpg,0,td_1828.jpg
131000001.jpg,0,td_1829.jpg
229000006.jpg,4,td_1830.jpg
2150000.jpg,0,td_1831.jpg
217000003.jpg,4,td_1832.jpg
3990001.jpg,4,td_1833.jpg
1136.jpg,0,td_1834.jpg
4_1_1_20170109194523891.jpg.chip.jpg,4,td_1835.jpg
0228.jpg,0,td_1836.jpg
110000000.jpg,0,td_1837.jpg
169000008.jpg,4,td_1838.jpg
380000.jpg,4,td_1839.jpg
404000005.jpg,0,td_1840.jpg
843993_0.jpg,4,td_1841.jpg
64000004.jpg,0,td_1842.jpg
280000.jpg,0,td_1843.jpg
139.jpg,0,td_1844.jpg
326000000.jpg,0,td_1845.jpg
2480001.jpg,0,td_1846.jpg
146000002.jpg,0,td_1847.jpg
260000000.jpg,4,td_1848.jpg
370000002.jpg,0,td_1849.jpg
2580001.jpg,0,td_1850.jpg
542000005.jpg,0,td_1851.jpg
27600000.jpg,4,td_1852.jpg
10.jpg,0,td_1853.jpg
1308.jpg,0,td_1854.jpg
586000006.jpg,1,td_1855.jpg
0980.jpg,3,td_1856.jpg
315000006.jpg,0,td_1857.jpg
0758.jpg,4,td_1858.jpg
1320.jpg,0,td_1859.jpg
527000001.jpg,0,td_1860.jpg
409000006.jpg,3,td_1861.jpg
38.jpg,0,td_1862.jpg
1334.jpg,4,td_1863.jpg
en1rol-banner-3.jpg,0,td_1864.jpg
21.jpg,0,td_1865.jpg
0033.jpg,0,td_1866.jpg
35.jpg,0,td_1867.jpg
1339.jpg,4,td_1868.jpg
193000003.jpg,0,td_1869.jpg
0741.jpg,0,td_1870.jpg
0769.jpg,0,td_1871.jpg
610000001.jpg,4,td_1872.jpg
1305.jpg,4,td_1873.jpg
9000004.jpg,4,td_1874.jpg
6800000.jpg,0,td_1875.jpg
35300000.jpg,4,td_1876.jpg
35200000.jpg,0,td_1877.jpg
108.jpg,0,td_1878.jpg
6900000.jpg,4,td_1879.jpg
101000002.jpg,0,td_1880.jpg
542000008.jpg,1,td_1881.jpg
0782.jpg,0,td_1882.jpg
361000000.jpg,0,td_1883.jpg
271000002.jpg,1,td_1884.jpg
7_1_4_20170103212641884.jpg.chip.jpg,4,td_1885.jpg
6_0_0_20170110221709278.jpg.chip.jpg,0,td_1886.jpg
169000005.jpg,0,td_1887.jpg
157000000.jpg,0,td_1888.jpg
0231.jpg,0,td_1889.jpg
148000004.jpg,4,td_1890.jpg
4_0_2_20161219164003879.jpg.chip.jpg,0,td_1891.jpg
389000001.jpg,0,td_1892.jpg
0543.jpg,0,td_1893.jpg
585000003.jpg,1,td_1894.jpg
316000003.jpg,4,td_1895.jpg
1113.jpg,4,td_1896.jpg
206000001.jpg,3,td_1897.jpg
2720000.jpg,3,td_1898.jpg
0594.jpg,3,td_1899.jpg
2620000.jpg,4,td_1900.jpg
407000000.jpg,4,td_1901.jpg
325000005.jpg,4,td_1902.jpg
235000007.jpg,0,td_1903.jpg
png-clipart-central-board-of-secondary-education-school-child-student-child-school-child-reading.jpg,0,td_1904.jpg
8_1_0_20170109202906495.jpg.chip.jpg,4,td_1905.jpg
4270000.jpg,4,td_1906.jpg
384000002.jpg,0,td_1907.jpg
322.jpg,0,td_1908.jpg
294000000.jpg,1,td_1909.jpg
8_0_0_20170110220011635.jpg.chip.jpg,0,td_1910.jpg
4370000.jpg,3,td_1911.jpg
541000000.jpg,4,td_1912.jpg
588000000.jpg,1,td_1913.jpg
555000000.jpg,0,td_1914.jpg
4450000.jpg,0,td_1915.jpg
0345.jpg,0,td_1916.jpg
article-1319957-14732665046.jpg,0,td_1917.jpg
13_0_0_20170110220242419.jpg.chip.jpg,0,td_1918.jpg
0423.jpg,0,td_1919.jpg
280000000.jpg,0,td_1920.jpg
249000000.jpg,4,td_1921.jpg
0351.jpg,4,td_1922.jpg
1067.jpg,0,td_1923.jpg
0379.jpg,4,td_1924.jpg
4_0_3_20161220145136351.jpg.chip.jpg,0,td_1925.jpg
3680000.jpg,0,td_1926.jpg
139000000.jpg,4,td_1927.jpg
281.jpg,0,td_1928.jpg
featured-image-schools-nurseries-1.jpg,0,td_1929.jpg
3780000.jpg,3,td_1930.jpg
10_0_0_20170110220546177.jpg.chip.jpg,0,td_1931.jpg
0386.jpg,0,td_1932.jpg
1760000.jpg,1,td_1933.jpg
1098.jpg,4,td_1934.jpg
9_0_0_20170110220312322.jpg.chip.jpg,0,td_1935.jpg
40000007.jpg,4,td_1936.jpg
212000001.jpg,0,td_1937.jpg
591000003.jpg,4,td_1938.jpg
256.jpg,4,td_1939.jpg
354000001.jpg,2,td_1940.jpg
242.jpg,0,td_1941.jpg
28100000.jpg,2,td_1942.jpg
566000006.jpg,3,td_1943.jpg
476000004.jpg,1,td_1944.jpg
382000005.jpg,1,td_1945.jpg
1800000 (2).jpg,1,td_1946.jpg
0621.jpg,0,td_1947.jpg
0147.jpg,0,td_1948.jpg
1259.jpg,0,td_1949.jpg
579000002.jpg,3,td_1950.jpg
469000000.jpg,3,td_1951.jpg
8_1_0_20170109201053203.jpg.chip.jpg,0,td_1952.jpg
0153.jpg,0,td_1953.jpg
ee1b422d.jpg,0,td_1954.jpg
375000000.jpg,0,td_1955.jpg
0635.jpg,0,td_1956.jpg
265000002.jpg,3,td_1957.jpg
8_1_0_20170109203434803.jpg.chip.jpg,0,td_1958.jpg
323000002.jpg,2,td_1959.jpg
ryysy_398686.jpg,0,td_1960.jpg
1271.jpg,0,td_1961.jpg
609000002.jpg,4,td_1962.jpg
233000000.jpg,1,td_1963.jpg
52000000.jpg,0,td_1964.jpg
200000006.jpg,0,td_1965.jpg
0184.jpg,0,td_1966.jpg
604000001.jpg,4,td_1967.jpg
38800000.jpg,0,td_1968.jpg
38900000.jpg,1,td_1969.jpg
170000006.jpg,0,td_1970.jpg
268000001.jpg,4,td_1971.jpg
maxresdef6ault_2_0.jpg,4,td_1972.jpg
170000007.jpg,4,td_1973.jpg
583000005.jpg,1,td_1974.jpg
0813.jpg,0,td_1975.jpg
4_1_4_20161221201901345.jpg.chip.jpg,0,td_1976.jpg
thumb.jpg,0,td_1977.jpg
187000002.jpg,0,td_1978.jpg
4180000.jpg,0,td_1979.jpg
118000000.jpg,0,td_1980.jpg
432000000.jpg,0,td_1981.jpg
4080000.jpg,0,td_1982.jpg
52000001.jpg,2,td_1983.jpg
0185.jpg,0,td_1984.jpg
200000007.jpg,0,td_1985.jpg
5700000.jpg,3,td_1986.jpg
310000005.jpg,4,td_1987.jpg
233000001.jpg,4,td_1988.jpg
7_0_0_20170110215648859.jpg.chip.jpg,4,td_1989.jpg
323000003.jpg,1,td_1990.jpg
0608.jpg,4,td_1991.jpg
96000002.jpg,4,td_1992.jpg
0152.jpg,0,td_1993.jpg
265000003.jpg,3,td_1994.jpg
375000001.jpg,0,td_1995.jpg
12_1_0_20170109205130906.jpg.chip.jpg,0,td_1996.jpg
4_1_4_20161220223001930.jpg.chip.jpg,0,td_1997.jpg
382000004.jpg,4,td_1998.jpg
469000001.jpg,3,td_1999.jpg
4_1_3_20161220220859874.jpg.chip.jpg,4,td_2000.jpg
579000003.jpg,1,td_2001.jpg
1258.jpg,0,td_2002.jpg
0146.jpg,4,td_2003.jpg
243.jpg,0,td_2004.jpg
354000000.jpg,0,td_2005.jpg
7_0_1_20170110220056218.jpg.chip.jpg,0,td_2006.jpg
162000000.jpg,0,td_2007.jpg
28000001.jpg,4,td_2008.jpg
591000002.jpg,1,td_2009.jpg
40000006.jpg,4,td_2010.jpg
212000000.jpg,3,td_2011.jpg
0393.jpg,0,td_2012.jpg
26500000.jpg,0,td_2013.jpg
302000002.jpg,4,td_2014.jpg
1099.jpg,4,td_2015.jpg
1820000.jpg,1,td_2016.jpg
0387.jpg,0,td_2017.jpg
26400000.jpg,4,td_2018.jpg
2000001.jpg,0,td_2019.jpg
1072.jpg,0,td_2020.jpg
139000001.jpg,0,td_2021.jpg
294.jpg,0,td_2022.jpg
413000001.jpg,0,td_2023.jpg
73000000.jpg,0,td_2024.jpg
0436.jpg,0,td_2025.jpg
280000001.jpg,0,td_2026.jpg
10000.jpg,1,td_2027.jpg
700000.jpg,3,td_2028.jpg
0350.jpg,4,td_2029.jpg
0344.jpg,4,td_2030.jpg
600000.jpg,0,td_2031.jpg
0422.jpg,0,td_2032.jpg
19800000.jpg,0,td_2033.jpg
588000001.jpg,4,td_2034.jpg
541000001.jpg,3,td_2035.jpg
120000.jpg,0,td_2036.jpg
323.jpg,0,td_2037.jpg
50 copy.jpg,0,td_2038.jpg
384000003.jpg,4,td_2039.jpg
2960000.jpg,1,td_2040.jpg
0581.jpg,0,td_2041.jpg
235000006.jpg,2,td_2042.jpg
325000004.jpg,2,td_2043.jpg
2860000.jpg,0,td_2044.jpg
1106.jpg,4,td_2045.jpg
0218.jpg,0,td_2046.jpg
students-png-5a366535601fd9.84223685151351442933937.jpg,0,td_2047.jpg
206000000.jpg,4,td_2048.jpg
32500000.jpg,4,td_2049.jpg
176000000.jpg,3,td_2050.jpg
585000002.jpg,0,td_2051.jpg
299000002.jpg,0,td_2052.jpg
389000000.jpg,1,td_2053.jpg
64000008.jpg,1,td_2054.jpg
157000001.jpg,0,td_2055.jpg
286000006.jpg,4,td_2056.jpg
0967.jpg,0,td_2057.jpg
0973.jpg,0,td_2058.jpg
271000003.jpg,4,td_2059.jpg
1590000.jpg,0,td_2060.jpg
169000004.jpg,0,td_2061.jpg
4_1_0_20170104005821656.jpg.chip.jpg,0,td_2062.jpg
7_1_4_20161221193133117.jpg.chip.jpg,0,td_2063.jpg
0797.jpg,0,td_2064.jpg
848.jpg,0,td_2065.jpg
1462.jpg,0,td_2066.jpg
9000005.jpg,0,td_2067.jpg
1310.jpg,4,td_2068.jpg
610000000.jpg,4,td_2069.jpg
193000002.jpg,0,td_2070.jpg
1338.jpg,0,td_2071.jpg
34.jpg,0,td_2072.jpg
10000003.jpg,4,td_2073.jpg
0740.jpg,0,td_2074.jpg
0754.jpg,0,td_2075.jpg
9_0_0_20170110224305302.jpg.chip.jpg,4,td_2076.jpg
3470000.jpg,0,td_2077.jpg
20.jpg,0,td_2078.jpg
123000008.jpg,3,td_2079.jpg
12_1_0_20170109204507030.jpg.chip.jpg,0,td_2080.jpg
36.jpg,0,td_2081.jpg
0024.jpg,0,td_2082.jpg
193000000.jpg,0,td_2083.jpg
22.jpg,0,td_2084.jpg
0756.jpg,0,td_2085.jpg
315000008.jpg,0,td_2086.jpg
1448.jpg,4,td_2087.jpg
536000000.jpg,0,td_2088.jpg
46000003.jpg,4,td_2089.jpg
2090000.jpg,4,td_2090.jpg
1460.jpg,4,td_2091.jpg
3710000.jpg,4,td_2092.jpg
0018.jpg,4,td_2093.jpg
610000002.jpg,1,td_2094.jpg
2190000.jpg,4,td_2095.jpg
38300000.jpg,0,td_2096.jpg
13_0_3_20170110232628896.jpg.chip.jpg,2,td_2097.jpg
6_1_0_20170109201058867.jpg.chip.jpg,0,td_2098.jpg
82000000.jpg,3,td_2099.jpg
0781.jpg,0,td_2100.jpg
ufbWBlxggwpRUOghkFYNbPmBlc9XbQ7lRNlhK3rUT.jpg,0,td_2101.jpg
ufbWBlxggwpRUOghkFYNbPmBlcXbQ7lRNlhK3rUT.jpg,0,td_2102.jpg
227000003.jpg,0,td_2103.jpg
286000004.jpg,0,td_2104.jpg
553000004.jpg,0,td_2105.jpg
169000006.jpg,0,td_2106.jpg
21900000.jpg,0,td_2107.jpg
271000001.jpg,0,td_2108.jpg
1138.jpg,0,td_2109.jpg
585000000.jpg,4,td_2110.jpg
13_0_4_20170103201708406.jpg.chip.jpg,0,td_2111.jpg
0540.jpg,0,td_2112.jpg
0554.jpg,0,td_2113.jpg
229000008.jpg,0,td_2114.jpg
250000000.jpg,0,td_2115.jpg
299000000.jpg,0,td_2116.jpg
120000000.jpg,0,td_2117.jpg
54000004.jpg,4,td_2118.jpg
13_0_0_20170104012320089.jpg.chip.jpg,0,td_2119.jpg
316000000.jpg,0,td_2120.jpg
235000004.jpg,0,td_2121.jpg
67000002.jpg,0,td_2122.jpg
0583.jpg,0,td_2123.jpg
517000001.jpg,1,td_2124.jpg
340000.jpg,1,td_2125.jpg
240000.jpg,4,td_2126.jpg
2793971-14285914770.jpg,0,td_2127.jpg
31000000.jpg,4,td_2128.jpg
541000003.jpg,4,td_2129.jpg
588000003.jpg,2,td_2130.jpg
17600000.jpg,0,td_2131.jpg
384000001.jpg,1,td_2132.jpg
17700000.jpg,0,td_2133.jpg
321.jpg,0,td_2134.jpg
0352.jpg,0,td_2135.jpg
280000003.jpg,0,td_2136.jpg
0434.jpg,0,td_2137.jpg
25100000.jpg,4,td_2138.jpg
25000000.jpg,2,td_2139.jpg
1058.jpg,0,td_2140.jpg
0346.jpg,0,td_2141.jpg
266000009.jpg,0,td_2142.jpg
1070.jpg,0,td_2143.jpg
0408.jpg,0,td_2144.jpg
282.jpg,0,td_2145.jpg
139000003.jpg,0,td_2146.jpg
1064.jpg,0,td_2147.jpg
460000.jpg,0,td_2148.jpg
221000004.jpg,4,td_2149.jpg
302000000.jpg,4,td_2150.jpg
0391.jpg,4,td_2151.jpg
40000004.jpg,0,td_2152.jpg
8_1_0_20170109204251231.jpg.chip.jpg,4,td_2153.jpg
4_1_0_20170109191952579.jpg.chip.jpg,4,td_2154.jpg
566000005.jpg,4,td_2155.jpg
241.jpg,0,td_2156.jpg
255.jpg,3,td_2157.jpg
28000003.jpg,4,td_2158.jpg
0636.jpg,0,td_2159.jpg
9_0_0_20170110224838965.jpg.chip.jpg,4,td_2160.jpg
265000001.jpg,4,td_2161.jpg
35900000.jpg,0,td_2162.jpg
6_1_0_20170109194012135.jpg.chip.jpg,0,td_2163.jpg
0144.jpg,4,td_2164.jpg
9_0_0_20170110224607682.jpg.chip.jpg,0,td_2165.jpg
382000006.jpg,4,td_2166.jpg
12_1_0_20170109204805155.jpg.chip.jpg,4,td_2167.jpg
35800000.jpg,0,td_2168.jpg
6_1_0_20170109192722064.jpg.chip.jpg,0,td_2169.jpg
6300000.jpg,4,td_2170.jpg
323000001.jpg,4,td_2171.jpg
609000001.jpg,3,td_2172.jpg
0178.jpg,0,td_2173.jpg
96000000.jpg,4,td_2174.jpg
115000001.jpg,0,td_2175.jpg
604000002.jpg,4,td_2176.jpg
0193.jpg,0,td_2177.jpg
3130000.jpg,0,td_2178.jpg
200000005.jpg,4,td_2179.jpg
4_0_0_20170110205349508.jpg.chip.jpg,0,td_2180.jpg
3030000.jpg,2,td_2181.jpg
522000000.jpg,0,td_2182.jpg
118000002.jpg,0,td_2183.jpg
378000000.jpg,0,td_2184.jpg
7_0_0_20170110224448021.jpg.chip.jpg,0,td_2185.jpg
13_0_3_20170119153840721.jpg.chip.jpg,4,td_2186.jpg
170000005.jpg,0,td_2187.jpg
187000000.jpg,0,td_2188.jpg
0805.jpg,4,td_2189.jpg
1030396031_0-0-3456-2302_705x469_80_0_0_ac592c8352c40d3f5fe42e383a4338c6f.jpg,0,td_2190.jpg
464000001.jpg,0,td_2191.jpg
22600000.jpg,0,td_2192.jpg
187000001.jpg,0,td_2193.jpg
574000003.jpg,4,td_2194.jpg
0804.jpg,4,td_2195.jpg
0810.jpg,4,td_2196.jpg
378000001.jpg,4,td_2197.jpg
22700000.jpg,4,td_2198.jpg
5_1_0_20170109193708669.jpg.chip.jpg,0,td_2199.jpg
170000004.jpg,0,td_2200.jpg
200000004.jpg,4,td_2201.jpg
4_0_0_20161219204117636.jpg.chip.jpg,3,td_2202.jpg
118000003.jpg,3,td_2203.jpg
7_0_0_20170110215736826.jpg.chip.jpg,0,td_2204.jpg
0838.jpg,4,td_2205.jpg
52000002.jpg,0,td_2206.jpg
7_1_1_20170109194708063.jpg.chip.jpg,4,td_2207.jpg
6_1_0_20170109201859697.jpg.chip.jpg,0,td_2208.jpg
604000003.jpg,4,td_2209.jpg
1267.jpg,0,td_2210.jpg
0179.jpg,0,td_2211.jpg
8700000.jpg,0,td_2212.jpg
115000000.jpg,0,td_2213.jpg
96000001.jpg,0,td_2214.jpg
8600000.jpg,0,td_2215.jpg
233000002.jpg,4,td_2216.jpg
real_01053.jpg,0,td_2217.jpg
323000000.jpg,4,td_2218.jpg
0145.jpg,0,td_2219.jpg
0623.jpg,0,td_2220.jpg
6_1_0_20170109204600139.jpg.chip.jpg,0,td_2221.jpg
4_0_0_20170104010859393.jpg.chip.jpg,3,td_2222.jpg
382000007.jpg,4,td_2223.jpg
265000000.jpg,4,td_2224.jpg
0637.jpg,4,td_2225.jpg
1500000.jpg,3,td_2226.jpg
14800000.jpg,3,td_2227.jpg
28000002.jpg,4,td_2228.jpg
558000001.jpg,3,td_2229.jpg
591000001.jpg,1,td_2230.jpg
195000006.jpg,2,td_2231.jpg
1400000.jpg,0,td_2232.jpg
14900000.jpg,0,td_2233.jpg
8_1_0_20170109202734214.jpg.chip.jpg,0,td_2234.jpg
566000004.jpg,4,td_2235.jpg
240.jpg,0,td_2236.jpg
268.jpg,0,td_2237.jpg
0384.jpg,0,td_2238.jpg
0390.jpg,0,td_2239.jpg
302000001.jpg,3,td_2240.jpg
40000005.jpg,1,td_2241.jpg
139000002.jpg,0,td_2242.jpg
297.jpg,0,td_2243.jpg
221000005.jpg,2,td_2244.jpg
1065.jpg,0,td_2245.jpg
1071.jpg,4,td_2246.jpg
4730000.jpg,3,td_2247.jpg
283.jpg,0,td_2248.jpg
0409.jpg,0,td_2249.jpg
2360000.jpg,0,td_2250.jpg
0421.jpg,0,td_2251.jpg
0347.jpg,0,td_2252.jpg
0353.jpg,0,td_2253.jpg
5_1_0_20170109194051532.jpg.chip.jpg,0,td_2254.jpg
0435.jpg,0,td_2255.jpg
280000002.jpg,0,td_2256.jpg
359000000.jpg,4,td_2257.jpg
384000000.jpg,4,td_2258.jpg
2440000.jpg,1,td_2259.jpg
451000000.jpg,0,td_2260.jpg
498000000.jpg,4,td_2261.jpg
588000002.jpg,4,td_2262.jpg
541000002.jpg,4,td_2263.jpg
4010000.jpg,4,td_2264.jpg
19300000.jpg,0,td_2265.jpg
235000005.jpg,0,td_2266.jpg
4110000.jpg,0,td_2267.jpg
325000007.jpg,2,td_2268.jpg
308.jpg,0,td_2269.jpg
19200000.jpg,0,td_2270.jpg
4_1_0_20170109192828745.jpg.chip.jpg,0,td_2271.jpg
517000000.jpg,0,td_2272.jpg
0569.jpg,0,td_2273.jpg
316000001.jpg,4,td_2274.jpg
1105.jpg,0,td_2275.jpg
120000001.jpg,0,td_2276.jpg
250000001.jpg,3,td_2277.jpg
1320000.jpg,0,td_2278.jpg
0555.jpg,0,td_2279.jpg
0233.jpg,0,td_2280.jpg
12_1_0_20170109205056743.jpg.chip.jpg,0,td_2281.jpg
real_00013.jpg,0,td_2282.jpg
585000001.jpg,0,td_2283.jpg
0227.jpg,0,td_2284.jpg
169000007.jpg,0,td_2285.jpg
271000000.jpg,0,td_2286.jpg
0970.jpg,0,td_2287.jpg
10_1_0_20170109203427416.jpg.chip.jpg,0,td_2288.jpg
286000005.jpg,4,td_2289.jpg
0964.jpg,4,td_2290.jpg
157000002.jpg,3,td_2291.jpg
6_0_0_20170110215629811.jpg.chip.jpg,0,td_2292.jpg
227000002.jpg,2,td_2293.jpg
12 copy.jpg,0,td_2294.jpg
337000000.jpg,0,td_2295.jpg
82000001.jpg,3,td_2296.jpg
4_0_0_20170110213325187.jpg.chip.jpg,0,td_2297.jpg
1313.jpg,0,td_2298.jpg
First-Friends-7-Tips-to-Help-Parents-Teach-Kids-How-to-Be-11182-7ee4502489-1502029555.jpg,0,td_2299.jpg
3950000.jpg,0,td_2300.jpg
8_0_0_20170110215342047.jpg.chip.jpg,0,td_2301.jpg
0019.jpg,0,td_2302.jpg
7_0_0_20170110225222391.jpg.chip.jpg,4,td_2303.jpg
0031.jpg,2,td_2304.jpg
36700000.jpg,0,td_2305.jpg
690000.jpg,0,td_2306.jpg
193000001.jpg,0,td_2307.jpg
80000.jpg,0,td_2308.jpg
36600000.jpg,0,td_2309.jpg
790000.jpg,0,td_2310.jpg
37.jpg,0,td_2311.jpg
real_00205.jpg,0,td_2312.jpg
10000000.jpg,4,td_2313.jpg
214000000.jpg,4,td_2314.jpg
9000002.jpg,3,td_2315.jpg
1465.jpg,0,td_2316.jpg
508000000.jpg,0,td_2317.jpg
1317.jpg,4,td_2318.jpg
0021.jpg,4,td_2319.jpg
352000000.jpg,1,td_2320.jpg
1459.jpg,0,td_2321.jpg
242000002.jpg,0,td_2322.jpg
27.jpg,0,td_2323.jpg
0035.jpg,0,td_2324.jpg
132.jpg,0,td_2325.jpg
286000001.jpg,4,td_2326.jpg
13_0_1_20170113150907477.jpg.chip.jpg,1,td_2327.jpg
0974.jpg,4,td_2328.jpg
126.jpg,0,td_2329.jpg
553000001.jpg,0,td_2330.jpg
169000003.jpg,3,td_2331.jpg
309000001.jpg,0,td_2332.jpg
250000.jpg,0,td_2333.jpg
-------2018--.jpg,0,td_2334.jpg
0784.jpg,4,td_2335.jpg
6_1_0_20170109204905156.jpg.chip.jpg,4,td_2336.jpg
6_0_0_20170110215527972.jpg.chip.jpg,0,td_2337.jpg
350000.jpg,3,td_2338.jpg
75000000.jpg,0,td_2339.jpg
9_0_0_20170110221716630.jpg.chip.jpg,0,td_2340.jpg
227000006.jpg,0,td_2341.jpg
0579.jpg,0,td_2342.jpg
3600000.jpg,2,td_2343.jpg
getty_rf_photo_of_boy_having_ear_exam.jpg,4,td_2344.jpg
602000000.jpg,4,td_2345.jpg
2180000.jpg,4,td_2346.jpg
3700000.jpg,4,td_2347.jpg
1115.jpg,0,td_2348.jpg
9_0_0_20170110220413289.jpg.chip.jpg,0,td_2349.jpg
120000011.jpg,1,td_2350.jpg
2080000.jpg,0,td_2351.jpg
54000001.jpg,0,td_2352.jpg
4_0_0_20170110213536030.jpg.chip.jpg,0,td_2353.jpg
0545.jpg,0,td_2354.jpg
572000000.jpg,1,td_2355.jpg
148000002.jpg,4,td_2356.jpg
29700000.jpg,4,td_2357.jpg
7_1_0_20170109193140411.jpg.chip.jpg,0,td_2358.jpg
325000003.jpg,2,td_2359.jpg
9_0_1_20170110225612237.jpg.chip.jpg,0,td_2360.jpg
529000001.jpg,4,td_2361.jpg
59000002.jpg,0,td_2362.jpg
318.jpg,0,td_2363.jpg
84000002.jpg,0,td_2364.jpg
287.jpg,0,td_2365.jpg
107000003.jpg,0,td_2366.jpg
1075.jpg,0,td_2367.jpg
8_1_0_20170109203433105.jpg.chip.jpg,0,td_2368.jpg
1061.jpg,0,td_2369.jpg
258000009.jpg,3,td_2370.jpg
331000003.jpg,0,td_2371.jpg
221000001.jpg,3,td_2372.jpg
0419.jpg,0,td_2373.jpg
293.jpg,0,td_2374.jpg
1049.jpg,0,td_2375.jpg
0357.jpg,4,td_2376.jpg
151000001.jpg,4,td_2377.jpg
8_1_0_20170109203303253.jpg.chip.jpg,0,td_2378.jpg
9_0_1_20170110223920908.jpg.chip.jpg,4,td_2379.jpg
0343.jpg,0,td_2380.jpg
0425.jpg,3,td_2381.jpg
367000001.jpg,4,td_2382.jpg
16000003.jpg,1,td_2383.jpg
566000000.jpg,4,td_2384.jpg
4_1_0_20170109193059401.jpg.chip.jpg,0,td_2385.jpg
195000002.jpg,0,td_2386.jpg
69944bb2549f1b6d264923b3306f7f77.jpg,0,td_2387.jpg
591000005.jpg,4,td_2388.jpg
298017_567890949908740_2056944212_n.jpg,0,td_2389.jpg
250.jpg,2,td_2390.jpg
203000008.jpg,4,td_2391.jpg
40000001.jpg,0,td_2392.jpg
530000002.jpg,0,td_2393.jpg
278.jpg,0,td_2394.jpg
3020000.jpg,4,td_2395.jpg
0394.jpg,0,td_2396.jpg
0380.jpg,0,td_2397.jpg
3120000.jpg,0,td_2398.jpg
4_0_1_20161219230428976.jpg.chip.jpg,0,td_2399.jpg
470000.jpg,4,td_2400.jpg
0169.jpg,0,td_2401.jpg
323000004.jpg,2,td_2402.jpg
9_0_0_20170110224611885.jpg.chip.jpg,0,td_2403.jpg
61000000.jpg,0,td_2404.jpg
401000001.jpg,0,td_2405.jpg
7_0_0_20170110225010277.jpg.chip.jpg,4,td_2406.jpg
570000.jpg,3,td_2407.jpg
12_1_0_20170104005520631.jpg.chip.jpg,0,td_2408.jpg
547000001.jpg,0,td_2409.jpg
0155.jpg,0,td_2410.jpg
31 copy.jpg,0,td_2411.jpg
30 copy.jpg,0,td_2412.jpg
382000003.jpg,3,td_2413.jpg
222000009.jpg,4,td_2414.jpg
0627.jpg,0,td_2415.jpg
292000001.jpg,4,td_2416.jpg
8_1_0_20170109201110396.jpg.chip.jpg,0,td_2417.jpg
0141.jpg,0,td_2418.jpg
a9056ed354861b02c24d1fbd54381d84.jpg,4,td_2419.jpg
583000002.jpg,4,td_2420.jpg
493000000.jpg,0,td_2421.jpg
170000000.jpg,0,td_2422.jpg
12_0_0_20170110225257257.jpg.chip.jpg,0,td_2423.jpg
0814.jpg,4,td_2424.jpg
346000000.jpg,0,td_2425.jpg
0800.jpg,0,td_2426.jpg
5_1_0_20170109193852084.jpg.chip.jpg,0,td_2427.jpg
0196.jpg,0,td_2428.jpg
34400000.jpg,0,td_2429.jpg
0828.jpg,4,td_2430.jpg
200000000.jpg,0,td_2431.jpg
0182.jpg,0,td_2432.jpg
4_0_0_20170110213121589.jpg.chip.jpg,0,td_2433.jpg
0183.jpg,0,td_2434.jpg
0197.jpg,0,td_2435.jpg
604000006.jpg,0,td_2436.jpg
1289.jpg,0,td_2437.jpg
0829.jpg,4,td_2438.jpg
0801.jpg,0,td_2439.jpg
1410000.jpg,0,td_2440.jpg
170000001.jpg,0,td_2441.jpg
583000003.jpg,1,td_2442.jpg
0815.jpg,4,td_2443.jpg
292000000.jpg,3,td_2444.jpg
0626.jpg,0,td_2445.jpg
382000002.jpg,0,td_2446.jpg
0140.jpg,4,td_2447.jpg
0154.jpg,2,td_2448.jpg
547000000.jpg,4,td_2449.jpg
96000004.jpg,1,td_2450.jpg
4720000.jpg,0,td_2451.jpg
323000005.jpg,2,td_2452.jpg
0168.jpg,0,td_2453.jpg
401000000.jpg,0,td_2454.jpg
4620000.jpg,2,td_2455.jpg
511000002.jpg,0,td_2456.jpg
0381.jpg,0,td_2457.jpg
89000000.jpg,0,td_2458.jpg
7_0_0_20170110215959875.jpg.chip.jpg,4,td_2459.jpg
279.jpg,0,td_2460.jpg
40000000.jpg,4,td_2461.jpg
0395.jpg,0,td_2462.jpg
302000004.jpg,0,td_2463.jpg
6_1_1_20161220220430595.jpg.chip.jpg,0,td_2464.jpg
591000004.jpg,4,td_2465.jpg
46 copy.jpg,0,td_2466.jpg
203000009.jpg,1,td_2467.jpg
195000003.jpg,4,td_2468.jpg
47 copy.jpg,0,td_2469.jpg
566000001.jpg,3,td_2470.jpg
16000002.jpg,1,td_2471.jpg
0342.jpg,4,td_2472.jpg
367000000.jpg,0,td_2473.jpg
0424.jpg,4,td_2474.jpg
198000000.jpg,1,td_2475.jpg
151000000.jpg,0,td_2476.jpg
0356.jpg,0,td_2477.jpg
221000000.jpg,1,td_2478.jpg
331000002.jpg,0,td_2479.jpg
258000008.jpg,2,td_2480.jpg
15500000.jpg,0,td_2481.jpg
1060.jpg,0,td_2482.jpg
292.jpg,4,td_2483.jpg
4_1_0_20161219230409176.jpg.chip.jpg,4,td_2484.jpg
0418.jpg,4,td_2485.jpg
15400000.jpg,1,td_2486.jpg
33200000.jpg,0,td_2487.jpg
1074.jpg,0,td_2488.jpg
319.jpg,0,td_2489.jpg
0593.jpg,0,td_2490.jpg
27200000.jpg,4,td_2491.jpg
27300000.jpg,3,td_2492.jpg
325000002.jpg,1,td_2493.jpg
145000000.jpg,0,td_2494.jpg
373000000.jpg,3,td_2495.jpg
541000007.jpg,4,td_2496.jpg
1128.jpg,0,td_2497.jpg
780000.jpg,3,td_2498.jpg
7_0_0_20170110224846415.jpg.chip.jpg,0,td_2499.jpg
90000.jpg,0,td_2500.jpg
0236.jpg,0,td_2501.jpg
10_0_0_20170110220447314.jpg.chip.jpg,0,td_2502.jpg
0550.jpg,0,td_2503.jpg
0544.jpg,0,td_2504.jpg
680000.jpg,0,td_2505.jpg
585000004.jpg,3,td_2506.jpg
1900000 (2).jpg,0,td_2507.jpg
316000004.jpg,4,td_2508.jpg
3840000.jpg,3,td_2509.jpg
2017_8_12_13_11_1_11.jpg,0,td_2510.jpg
1114.jpg,0,td_2511.jpg
54000000.jpg,4,td_2512.jpg
120000010.jpg,4,td_2513.jpg
3940000.jpg,0,td_2514.jpg
0578.jpg,0,td_2515.jpg
1100.jpg,4,td_2516.jpg
602000001.jpg,0,td_2517.jpg
328000001.jpg,0,td_2518.jpg
75000001.jpg,4,td_2519.jpg
0791.jpg,0,td_2520.jpg
4100000.jpg,1,td_2521.jpg
219000002.jpg,2,td_2522.jpg
309000000.jpg,3,td_2523.jpg
0785.jpg,0,td_2524.jpg
ddjhhbojz.jpg,0,td_2525.jpg
82000004.jpg,0,td_2526.jpg
7_1_0_20170109200933192.jpg.chip.jpg,0,td_2527.jpg
4000000.jpg,4,td_2528.jpg
127.jpg,0,td_2529.jpg
0975.jpg,0,td_2530.jpg
169000002.jpg,4,td_2531.jpg
2450000.jpg,0,td_2532.jpg
553000000.jpg,0,td_2533.jpg
286000000.jpg,3,td_2534.jpg
133.jpg,0,td_2535.jpg
2550000.jpg,0,td_2536.jpg
0961.jpg,4,td_2537.jpg
164000001.jpg,4,td_2538.jpg
0034.jpg,4,td_2539.jpg
26.jpg,0,td_2540.jpg
32.jpg,4,td_2541.jpg
10000005.jpg,2,td_2542.jpg
1458.jpg,0,td_2543.jpg
8_1_0_20170109203437340.jpg.chip.jpg,0,td_2544.jpg
508000001.jpg,0,td_2545.jpg
8_1_0_20170109194048333.jpg.chip.jpg,0,td_2546.jpg
214000001.jpg,0,td_2547.jpg
1302.jpg,0,td_2548.jpg
1464.jpg,4,td_2549.jpg
9_0_0_20170110224835799.jpg.chip.jpg,0,td_2550.jpg
9000003.jpg,4,td_2551.jpg
1314.jpg,0,td_2552.jpg
18.jpg,1,td_2553.jpg
78000000.jpg,4,td_2554.jpg
9000001.jpg,1,td_2555.jpg
46000005.jpg,1,td_2556.jpg
0778.jpg,0,td_2557.jpg
1466.jpg,0,td_2558.jpg
304000001.jpg,0,td_2559.jpg
1328.jpg,0,td_2560.jpg
24.jpg,0,td_2561.jpg
597000001.jpg,4,td_2562.jpg
7500000.jpg,0,td_2563.jpg
0750.jpg,0,td_2564.jpg
242000001.jpg,3,td_2565.jpg
4_1_0_20170109192742824.jpg.chip.jpg,4,td_2566.jpg
67026053046800d33403b6a0a7d95bd7bebd0acbaaa1f318fad.jpg,0,td_2567.jpg
7400000.jpg,0,td_2568.jpg
30.jpg,0,td_2569.jpg
0022.jpg,4,td_2570.jpg
553000002.jpg,0,td_2571.jpg
9_1_0_20170109203410981.jpg.chip.jpg,0,td_2572.jpg
169000000.jpg,0,td_2573.jpg
125.jpg,3,td_2574.jpg
4360000.jpg,4,td_2575.jpg
131.jpg,4,td_2576.jpg
286000002.jpg,3,td_2577.jpg
227000005.jpg,0,td_2578.jpg
119.jpg,0,td_2579.jpg
2630000.jpg,0,td_2580.jpg
260000008.jpg,4,td_2581.jpg
2730000.jpg,4,td_2582.jpg
120000012.jpg,3,td_2583.jpg
54000002.jpg,4,td_2584.jpg
0208.jpg,0,td_2585.jpg
316000006.jpg,0,td_2586.jpg
602000003.jpg,4,td_2587.jpg
238000001.jpg,4,td_2588.jpg
0552.jpg,0,td_2589.jpg
24600000.jpg,0,td_2590.jpg
585000006.jpg,1,td_2591.jpg
7_0_0_20170110215540131.jpg.chip.jpg,0,td_2592.jpg
24700000.jpg,0,td_2593.jpg
0546.jpg,0,td_2594.jpg
327.jpg,4,td_2595.jpg
541000005.jpg,4,td_2596.jpg
real_00799.jpg,0,td_2597.jpg
333.jpg,0,td_2598.jpg
90000001.jpg,0,td_2599.jpg
529000002.jpg,0,td_2600.jpg
59000001.jpg,1,td_2601.jpg
113000000.jpg,0,td_2602.jpg
325000000.jpg,2,td_2603.jpg
0585.jpg,0,td_2604.jpg
enrol-banner-33.jpg,0,td_2605.jpg
290.jpg,0,td_2606.jpg
1062.jpg,0,td_2607.jpg
331000000.jpg,4,td_2608.jpg
221000002.jpg,3,td_2609.jpg
381000008.jpg,4,td_2610.jpg
1076.jpg,2,td_2611.jpg
0368.jpg,0,td_2612.jpg
107000000.jpg,0,td_2613.jpg
0426.jpg,0,td_2614.jpg
367000002.jpg,0,td_2615.jpg
277000000.jpg,0,td_2616.jpg
0340.jpg,0,td_2617.jpg
0354.jpg,0,td_2618.jpg
151000002.jpg,0,td_2619.jpg
0432.jpg,0,td_2620.jpg
30700000.jpg,0,td_2621.jpg
591000006.jpg,1,td_2622.jpg
7_0_0_20170110215534588.jpg.chip.jpg,4,td_2623.jpg
566000003.jpg,1,td_2624.jpg
195000001.jpg,4,td_2625.jpg
476000001.jpg,4,td_2626.jpg
30600000.jpg,0,td_2627.jpg
Einschulung-deutschland.jpg,0,td_2628.jpg
0383.jpg,0,td_2629.jpg
2800000 (2).jpg,0,td_2630.jpg
0397.jpg,0,td_2631.jpg
1089.jpg,0,td_2632.jpg
40000002.jpg,0,td_2633.jpg
4_1_3_20161220220857450.jpg.chip.jpg,1,td_2634.jpg
530000001.jpg,4,td_2635.jpg
10_1_0_20170109203501969.jpg.chip.jpg,0,td_2636.jpg
549000009.jpg,1,td_2637.jpg
39500000.jpg,0,td_2638.jpg
1260.jpg,0,td_2639.jpg
2010000.jpg,0,td_2640.jpg
5362-2.jpg,0,td_2641.jpg
511000000.jpg,0,td_2642.jpg
13_0_0_20170110225438328.jpg.chip.jpg,4,td_2643.jpg
7_1_4_20170103230254954.jpg.chip.jpg,0,td_2644.jpg
39400000.jpg,0,td_2645.jpg
401000002.jpg,4,td_2646.jpg
568000008.jpg,4,td_2647.jpg
3690000.jpg,4,td_2648.jpg
323000007.jpg,0,td_2649.jpg
1274.jpg,0,td_2650.jpg
2110000.jpg,4,td_2651.jpg
0142.jpg,0,td_2652.jpg
382000000.jpg,4,td_2653.jpg
13_0_0_20170110225307195.jpg.chip.jpg,0,td_2654.jpg
292000002.jpg,3,td_2655.jpg
950000.jpg,0,td_2656.jpg
0630.jpg,4,td_2657.jpg
0156.jpg,0,td_2658.jpg
4440000.jpg,0,td_2659.jpg
1248.jpg,4,td_2660.jpg
256000001.jpg,0,td_2661.jpg
0803.jpg,0,td_2662.jpg
0817.jpg,0,td_2663.jpg
583000001.jpg,1,td_2664.jpg
9_0_0_20170110224738342.jpg.chip.jpg,0,td_2665.jpg
170000003.jpg,4,td_2666.jpg
200000003.jpg,4,td_2667.jpg
4_0_0_20161219203817325.jpg.chip.jpg,0,td_2668.jpg
126000001.jpg,0,td_2669.jpg
7_1_0_20170104005339735.jpg.chip.jpg,0,td_2670.jpg
1770000.jpg,0,td_2671.jpg
604000004.jpg,4,td_2672.jpg
0195.jpg,0,td_2673.jpg
126000000.jpg,0,td_2674.jpg
1830000.jpg,4,td_2675.jpg
200000002.jpg,0,td_2676.jpg
310000000.jpg,4,td_2677.jpg
2019_6_13_14_11_45_551.jpg,0,td_2678.jpg
1930000.jpg,0,td_2679.jpg
0816.jpg,4,td_2680.jpg
170000002.jpg,0,td_2681.jpg
583000000.jpg,3,td_2682.jpg
7_1_1_20170109193114418.jpg.chip.jpg,0,td_2683.jpg
9_0_1_20170110225103801.jpg.chip.jpg,1,td_2684.jpg
0802.jpg,0,td_2685.jpg
8_1_0_20170109202428799.jpg.chip.jpg,0,td_2686.jpg
256000000.jpg,2,td_2687.jpg
11_1_0_20170109204611305.jpg.chip.jpg,0,td_2688.jpg
610000.jpg,4,td_2689.jpg
1249.jpg,0,td_2690.jpg
8_0_3_20170117133146996.jpg.chip.jpg,3,td_2691.jpg
0157.jpg,4,td_2692.jpg
104000009.jpg,4,td_2693.jpg
37000000.jpg,0,td_2694.jpg
710000.jpg,4,td_2695.jpg
0143.jpg,4,td_2696.jpg
382000001.jpg,3,td_2697.jpg
9_0_0_20170110220411186.jpg.chip.jpg,0,td_2698.jpg
568000009.jpg,4,td_2699.jpg
1275.jpg,0,td_2700.jpg
1088.jpg,0,td_2701.jpg
0396.jpg,0,td_2702.jpg
549000008.jpg,4,td_2703.jpg
18400000.jpg,3,td_2704.jpg
530000000.jpg,0,td_2705.jpg
40000003.jpg,0,td_2706.jpg
4090000.jpg,0,td_2707.jpg
4190000.jpg,0,td_2708.jpg
4_1_0_20170109192831145.jpg.chip.jpg,0,td_2709.jpg
0382.jpg,0,td_2710.jpg
476000000.jpg,0,td_2711.jpg
195000000.jpg,3,td_2712.jpg
566000002.jpg,4,td_2713.jpg
16000001.jpg,1,td_2714.jpg
3240000.jpg,1,td_2715.jpg
3340000.jpg,1,td_2716.jpg
591000007.jpg,4,td_2717.jpg
151000003.jpg,0,td_2718.jpg
0355.jpg,4,td_2719.jpg
0433.jpg,3,td_2720.jpg
0427.jpg,0,td_2721.jpg
0341.jpg,0,td_2722.jpg
0369.jpg,0,td_2723.jpg
1077.jpg,0,td_2724.jpg
84000000.jpg,0,td_2725.jpg
291.jpg,0,td_2726.jpg
221000003.jpg,4,td_2727.jpg
1063.jpg,0,td_2728.jpg
6_1_0_20170109193911170.jpg.chip.jpg,0,td_2729.jpg
235000003.jpg,0,td_2730.jpg
8_0_0_20170103201932624.jpg.chip.jpg,0,td_2731.jpg
9_0_0_20170110225520159.jpg.chip.jpg,0,td_2732.jpg
113000001.jpg,0,td_2733.jpg
90000000.jpg,1,td_2734.jpg
33900000.jpg,4,td_2735.jpg
588000004.jpg,3,td_2736.jpg
541000004.jpg,4,td_2737.jpg
332.jpg,0,td_2738.jpg
33800000.jpg,0,td_2739.jpg
1480000.jpg,0,td_2740.jpg
pbediijijz.jpg,4,td_2741.jpg
3460000.jpg,0,td_2742.jpg
real_00001.jpg,3,td_2743.jpg
0221.jpg,0,td_2744.jpg
0547.jpg,0,td_2745.jpg
148000000.jpg,0,td_2746.jpg
181000000.jpg,0,td_2747.jpg
238000000.jpg,0,td_2748.jpg
8_0_0_20170110215609467.jpg.chip.jpg,0,td_2749.jpg
602000002.jpg,3,td_2750.jpg
54000003.jpg,4,td_2751.jpg
1117.jpg,0,td_2752.jpg
0786.jpg,0,td_2753.jpg
219000001.jpg,1,td_2754.jpg
2870000.jpg,0,td_2755.jpg
260000009.jpg,3,td_2756.jpg
227000004.jpg,0,td_2757.jpg
2970000.jpg,0,td_2758.jpg
118.jpg,0,td_2759.jpg
23100000.jpg,4,td_2760.jpg
286000003.jpg,4,td_2761.jpg
169000001.jpg,0,td_2762.jpg
23000000.jpg,0,td_2763.jpg
242000000.jpg,0,td_2764.jpg
7_0_0_20170110215603860.jpg.chip.jpg,0,td_2765.jpg
13_0_0_20170110225513115.jpg.chip.jpg,0,td_2766.jpg
0745.jpg,0,td_2767.jpg
0023.jpg,4,td_2768.jpg
31.jpg,0,td_2769.jpg
9_0_0_20170110225508509.jpg.chip.jpg,0,td_2770.jpg
10000006.jpg,4,td_2771.jpg
0037.jpg,4,td_2772.jpg
597000000.jpg,0,td_2773.jpg
1329.jpg,0,td_2774.jpg
13_0_0_20170110225045970.jpg.chip.jpg,0,td_2775.jpg
1467.jpg,4,td_2776.jpg
9_0_0_20170110220625994.jpg.chip.jpg,4,td_2777.jpg
304000000.jpg,3,td_2778.jpg
19.jpg,4,td_2779.jpg
1315.jpg,4,td_2780.jpg
78000001.jpg,4,td_2781.jpg
3100000.jpg,0,td_2782.jpg
9_1_0_20170109203259973.jpg.chip.jpg,0,td_2783.jpg
42.jpg,0,td_2784.jpg
412000000.jpg,4,td_2785.jpg
2680000.jpg,4,td_2786.jpg
1428.jpg,4,td_2787.jpg
138000000.jpg,3,td_2788.jpg
72000001.jpg,0,td_2789.jpg
106000005.jpg,0,td_2790.jpg
4.jpg,0,td_2791.jpg
3000000.jpg,0,td_2792.jpg
10_1_0_20170109203556029.jpg.chip.jpg,0,td_2793.jpg
0722.jpg,0,td_2794.jpg
2780000.jpg,4,td_2795.jpg
1372.jpg,4,td_2796.jpg
554000000.jpg,0,td_2797.jpg
1414.jpg,4,td_2798.jpg
1400.jpg,0,td_2799.jpg
248000000.jpg,3,td_2800.jpg
1366.jpg,0,td_2801.jpg
50000008.jpg,0,td_2802.jpg
29000000.jpg,0,td_2803.jpg
0939.jpg,4,td_2804.jpg
29100000.jpg,0,td_2805.jpg
700000 (2).jpg,0,td_2806.jpg
95.jpg,0,td_2807.jpg
13_0_0_20170110224337867.jpg.chip.jpg,0,td_2808.jpg
135000003.jpg,0,td_2809.jpg
157.jpg,0,td_2810.jpg
213000001.jpg,2,td_2811.jpg
enr4ol-banner-3.jpg,0,td_2812.jpg
20200000.jpg,0,td_2813.jpg
0534.jpg,0,td_2814.jpg
232000000.jpg,3,td_2815.jpg
0520.jpg,0,td_2816.jpg
382.jpg,0,td_2817.jpg
0508.jpg,4,td_2818.jpg
6_1_0_20170109192013556.jpg.chip.jpg,0,td_2819.jpg
71000009.jpg,4,td_2820.jpg
468000000.jpg,1,td_2821.jpg
142000000.jpg,0,td_2822.jpg
264000002.jpg,4,td_2823.jpg
10_1_0_20170109203608654.jpg.chip.jpg,0,td_2824.jpg
374000000.jpg,4,td_2825.jpg
0291.jpg,3,td_2826.jpg
269000001.jpg,4,td_2827.jpg
379000003.jpg,0,td_2828.jpg
369.jpg,0,td_2829.jpg
550000.jpg,0,td_2830.jpg
53000000.jpg,4,td_2831.jpg
341.jpg,0,td_2832.jpg
311000004.jpg,1,td_2833.jpg
450000.jpg,0,td_2834.jpg
0440.jpg,0,td_2835.jpg
370000.jpg,3,td_2836.jpg
0326.jpg,0,td_2837.jpg
270000.jpg,0,td_2838.jpg
0332.jpg,0,td_2839.jpg
0454.jpg,0,td_2840.jpg
8000004.jpg,4,td_2841.jpg
47000000.jpg,4,td_2842.jpg
png-clipart-school-uniform-student-education-national-primary-school-primary-school-student-agenda.jpg,0,td_2843.jpg
2470001.jpg,4,td_2844.jpg
596000004.jpg,0,td_2845.jpg
1004.jpg,3,td_2846.jpg
192000003.jpg,4,td_2847.jpg
11000002.jpg,4,td_2848.jpg
37 copy.jpg,3,td_2849.jpg
afghanistan-education-pho.jpg,0,td_2850.jpg
0468.jpg,3,td_2851.jpg
209.jpg,0,td_2852.jpg
270000002.jpg,4,td_2853.jpg
0483.jpg,0,td_2854.jpg
168000005.jpg,4,td_2855.jpg
22000004.jpg,3,td_2856.jpg
156000000.jpg,0,td_2857.jpg
235.jpg,0,td_2858.jpg
226000000.jpg,4,td_2859.jpg
34300000.jpg,3,td_2860.jpg
7800000.jpg,0,td_2861.jpg
3700000 (2).jpg,4,td_2862.jpg
7900000.jpg,4,td_2863.jpg
