asd_01.jpg,0
asd_02.jpg,0
asd_03.jpg,4
asd_04.jpg,2
asd_05.jpg,1
asd_06.jpg,4
asd_07.jpg,4
asd_08.jpg,4
asd_09.jpg,3
asd_10.jpg,0
asd_11.jpg,4
asd_12.jpg,4
asd_13.jpg,4
asd_14.jpg,0
asd_15.jpg,4
asd_16.jpg,0
asd_17.jpg,1
asd_18.jpg,0
asd_19.jpg,1
asd_20.jpg,1
asd_21.jpg,0
asd_22.jpg,1
asd_23.jpg,4
asd_24.jpg,0
asd_25.jpg,4
asd_26.jpg,4
asd_27.jpg,4
asd_28.jpg,0
asd_29.jpg,4
asd_30.jpg,4
asd_31.jpg,0
asd_32.jpg,1
asd_33.jpg,4
asd_34.jpg,3
asd_35.jpg,4
asd_36.jpg,0
asd_37.jpg,4
asd_38.jpg,0
asd_39.jpg,1
asd_40.jpg,0
asd_41.jpg,2
asd_42.jpg,4
asd_43.jpg,1
asd_44.jpg,1
asd_45.jpg,4
asd_46.jpg,1
asd_47.jpg,1
asd_48.jpg,4
asd_49.jpg,4
asd_50.jpg,4
asd_51.jpg,1
asd_52.jpg,4
asd_53.jpg,0
asd_54.jpg,0
asd_55.jpg,1
asd_56.jpg,0
asd_57.jpg,1
asd_58.jpg,0
asd_59.jpg,0
asd_60.jpg,3
asd_61.jpg,4
asd_62.jpg,0
asd_63.jpg,0
asd_64.jpg,2
asd_65.jpg,0
asd_66.jpg,4
asd_67.jpg,4
asd_68.jpg,1
asd_69.jpg,0
asd_70.jpg,0
asd_71.jpg,1
asd_72.jpg,1
asd_73.jpg,4
asd_74.jpg,0
asd_75.jpg,4
asd_76.jpg,0
asd_77.jpg,3
asd_78.jpg,1
asd_79.jpg,1
asd_80.jpg,0
asd_81.jpg,0
asd_82.jpg,0
asd_83.jpg,0
asd_84.jpg,0
asd_85.jpg,1
asd_86.jpg,1
asd_87.jpg,0
asd_88.jpg,0
asd_89.jpg,3
asd_90.jpg,0
asd_91.jpg,4
asd_92.jpg,4
asd_93.jpg,0
asd_94.jpg,0
asd_95.jpg,0
asd_96.jpg,0
asd_97.jpg,0
asd_98.jpg,4
asd_99.jpg,0
asd_100.jpg,3
asd_101.jpg,0
asd_102.jpg,0
asd_103.jpg,0
asd_104.jpg,3
asd_105.jpg,3
asd_106.jpg,0
asd_107.jpg,0
asd_108.jpg,3
asd_109.jpg,0
asd_110.jpg,0
asd_111.jpg,0
asd_112.jpg,0
asd_113.jpg,4
asd_114.jpg,0
asd_115.jpg,4
asd_116.jpg,3
asd_117.jpg,0
asd_118.jpg,3
asd_119.jpg,4
asd_120.jpg,4
asd_121.jpg,4
asd_122.jpg,4
asd_123.jpg,4
asd_124.jpg,0
asd_125.jpg,4
asd_126.jpg,0
asd_127.jpg,4
asd_128.jpg,0
asd_129.jpg,1
asd_130.jpg,0
asd_131.jpg,0
asd_132.jpg,4
asd_133.jpg,0
asd_134.jpg,4
asd_135.jpg,0
asd_136.jpg,4
asd_137.jpg,0
asd_138.jpg,0
asd_139.jpg,0
asd_140.jpg,4
asd_141.jpg,4
asd_142.jpg,4
asd_143.jpg,4
asd_144.jpg,4
asd_145.jpg,1
asd_146.jpg,1
asd_147.jpg,4
asd_148.jpg,1
asd_149.jpg,4
asd_150.jpg,0
asd_151.jpg,0
asd_152.jpg,3
asd_153.jpg,0
asd_154.jpg,1
asd_155.jpg,1
asd_156.jpg,0
asd_157.jpg,2
asd_158.jpg,0
asd_159.jpg,1
asd_160.jpg,3
asd_161.jpg,0
asd_162.jpg,1
asd_163.jpg,2
asd_164.jpg,0
asd_165.jpg,3
asd_166.jpg,0
asd_167.jpg,2
asd_168.jpg,2
asd_169.jpg,0
asd_170.jpg,1
asd_171.jpg,0
asd_172.jpg,0
asd_173.jpg,0
asd_174.jpg,0
asd_175.jpg,0
asd_176.jpg,1
asd_177.jpg,2
asd_178.jpg,2
asd_179.jpg,2
asd_180.jpg,0
asd_181.jpg,0
asd_182.jpg,1
asd_183.jpg,0
asd_184.jpg,0
asd_185.jpg,1
asd_186.jpg,0
asd_187.jpg,0
asd_188.jpg,1
asd_189.jpg,1
asd_190.jpg,0
asd_191.jpg,0
asd_192.jpg,0
asd_193.jpg,0
asd_194.jpg,0
asd_195.jpg,2
asd_196.jpg,2
asd_197.jpg,3
asd_198.jpg,0
asd_199.jpg,1
asd_200.jpg,0
asd_201.jpg,0
asd_202.jpg,0
asd_203.jpg,1
asd_204.jpg,4
asd_205.jpg,0
asd_206.jpg,3
asd_207.jpg,3
asd_208.jpg,0
asd_209.jpg,0
asd_210.jpg,1
asd_211.jpg,1
asd_212.jpg,3
asd_213.jpg,0
asd_214.jpg,0
asd_215.jpg,2
asd_216.jpg,0
asd_217.jpg,0
asd_218.jpg,0
asd_219.jpg,0
asd_220.jpg,0
asd_221.jpg,0
asd_222.jpg,0
asd_223.jpg,2
asd_224.jpg,0
asd_225.jpg,0
asd_226.jpg,3
asd_227.jpg,3
asd_228.jpg,0
asd_229.jpg,3
asd_230.jpg,3
asd_231.jpg,4
asd_232.jpg,4
asd_233.jpg,4
asd_234.jpg,0
asd_235.jpg,4
asd_236.jpg,4
asd_237.jpg,4
asd_238.jpg,0
asd_239.jpg,4
asd_240.jpg,0
asd_241.jpg,4
asd_242.jpg,4
asd_243.jpg,4
asd_244.jpg,4
asd_245.jpg,4
asd_246.jpg,4
asd_247.jpg,0
asd_248.jpg,4
asd_249.jpg,2
asd_250.jpg,0
asd_251.jpg,3
asd_252.jpg,2
asd_253.jpg,0
asd_254.jpg,0
asd_255.jpg,1
asd_256.jpg,4
asd_257.jpg,0
asd_258.jpg,4
asd_259.jpg,1
asd_260.jpg,0
asd_261.jpg,0
asd_262.jpg,4
asd_263.jpg,4
asd_264.jpg,4
asd_265.jpg,3
asd_266.jpg,4
asd_267.jpg,0
asd_268.jpg,3
asd_269.jpg,4
asd_270.jpg,1
asd_271.jpg,4
asd_272.jpg,4
asd_273.jpg,4
asd_274.jpg,0
asd_275.jpg,3
asd_276.jpg,4
asd_277.jpg,4
asd_278.jpg,4
asd_279.jpg,3
asd_280.jpg,1
asd_281.jpg,4
asd_282.jpg,1
asd_283.jpg,4
asd_284.jpg,4
asd_285.jpg,0
asd_286.jpg,0
asd_287.jpg,0
asd_288.jpg,2
asd_289.jpg,4
asd_290.jpg,0
asd_291.jpg,0
asd_292.jpg,2
asd_293.jpg,0
asd_294.jpg,0
asd_295.jpg,0
asd_296.jpg,0
asd_297.jpg,4
asd_298.jpg,4
asd_299.jpg,0
asd_300.jpg,1
asd_301.jpg,3
asd_302.jpg,3
asd_303.jpg,3
asd_304.jpg,3
asd_305.jpg,0
asd_306.jpg,0
asd_307.jpg,1
asd_308.jpg,1
asd_309.jpg,4
asd_310.jpg,3
asd_311.jpg,3
asd_312.jpg,4
asd_313.jpg,4
asd_314.jpg,4
asd_315.jpg,0
asd_316.jpg,0
asd_317.jpg,1
asd_318.jpg,4
asd_319.jpg,4
asd_320.jpg,3
asd_321.jpg,4
asd_322.jpg,2
asd_323.jpg,0
asd_324.jpg,1
asd_325.jpg,0
asd_326.jpg,3
asd_327.jpg,0
asd_328.jpg,1
asd_329.jpg,0
asd_330.jpg,0
asd_331.jpg,4
asd_332.jpg,3
asd_333.jpg,4
asd_334.jpg,0
asd_335.jpg,4
asd_336.jpg,0
asd_337.jpg,4
asd_338.jpg,1
asd_339.jpg,1
asd_340.jpg,0
asd_341.jpg,0
asd_342.jpg,4
asd_343.jpg,4
asd_344.jpg,4
asd_345.jpg,0
asd_346.jpg,3
asd_347.jpg,1
asd_348.jpg,1
asd_349.jpg,0
asd_350.jpg,0
asd_351.jpg,3
asd_352.jpg,0
asd_353.jpg,2
asd_354.jpg,0
asd_355.jpg,0
asd_356.jpg,3
asd_357.jpg,1
asd_358.jpg,3
asd_359.jpg,1
asd_360.jpg,4
asd_361.jpg,4
asd_362.jpg,1
asd_363.jpg,3
asd_364.jpg,3
asd_365.jpg,0
asd_366.jpg,1
asd_367.jpg,4
asd_368.jpg,3
asd_369.jpg,0
asd_370.jpg,3
asd_371.jpg,3
asd_372.jpg,0
asd_373.jpg,0
asd_374.jpg,0
asd_375.jpg,0
asd_376.jpg,4
asd_377.jpg,1
asd_378.jpg,0
asd_379.jpg,0
asd_380.jpg,4
asd_381.jpg,1
asd_382.jpg,1
asd_383.jpg,0
asd_384.jpg,0
asd_385.jpg,0
asd_386.jpg,1
asd_387.jpg,0
asd_388.jpg,1
asd_389.jpg,0
asd_390.jpg,0
asd_391.jpg,1
asd_392.jpg,0
asd_393.jpg,0
asd_394.jpg,1
asd_395.jpg,1
asd_396.jpg,0
asd_397.jpg,4
asd_398.jpg,1
asd_399.jpg,0
asd_400.jpg,0
asd_401.jpg,1
asd_402.jpg,0
asd_403.jpg,0
asd_404.jpg,0
asd_405.jpg,2
asd_406.jpg,0
asd_407.jpg,0
asd_408.jpg,0
asd_409.jpg,2
asd_410.jpg,0
asd_411.jpg,4
asd_412.jpg,3
asd_413.jpg,4
asd_414.jpg,4
asd_415.jpg,0
asd_416.jpg,0
asd_417.jpg,3
asd_418.jpg,0
asd_419.jpg,0
asd_420.jpg,0
asd_421.jpg,0
asd_422.jpg,1
asd_423.jpg,3
asd_424.jpg,0
asd_425.jpg,1
asd_426.jpg,0
asd_427.jpg,2
asd_428.jpg,0
asd_429.jpg,4
asd_430.jpg,1
asd_431.jpg,4
asd_432.jpg,4
asd_433.jpg,3
asd_434.jpg,4
asd_435.jpg,3
asd_436.jpg,3
asd_437.jpg,3
asd_438.jpg,3
asd_439.jpg,0
asd_440.jpg,4
asd_441.jpg,2
asd_442.jpg,4
asd_443.jpg,4
asd_444.jpg,1
asd_445.jpg,3
asd_446.jpg,0
asd_447.jpg,4
asd_448.jpg,0
asd_449.jpg,1
asd_450.jpg,0
asd_451.jpg,4
asd_452.jpg,4
asd_453.jpg,0
asd_454.jpg,0
asd_455.jpg,4
asd_456.jpg,3
asd_457.jpg,4
asd_458.jpg,1
asd_459.jpg,4
asd_460.jpg,1
asd_461.jpg,1
asd_462.jpg,4
asd_463.jpg,4
asd_464.jpg,2
asd_465.jpg,1
asd_466.jpg,1
asd_467.jpg,2
asd_468.jpg,4
asd_469.jpg,4
asd_470.jpg,4
asd_471.jpg,4
asd_472.jpg,1
asd_473.jpg,4
asd_474.jpg,1
asd_475.jpg,1
asd_476.jpg,4
asd_477.jpg,4
asd_478.jpg,4
asd_479.jpg,4
asd_480.jpg,4
asd_481.jpg,1
asd_482.jpg,2
asd_483.jpg,1
asd_484.jpg,1
asd_485.jpg,4
asd_486.jpg,4
asd_487.jpg,4
asd_488.jpg,4
asd_489.jpg,4
asd_490.jpg,1
asd_491.jpg,2
asd_492.jpg,3
asd_493.jpg,2
asd_494.jpg,4
asd_495.jpg,4
asd_496.jpg,1
asd_497.jpg,1
asd_498.jpg,1
asd_499.jpg,1
asd_500.jpg,4
asd_501.jpg,4
asd_502.jpg,4
asd_503.jpg,1
asd_504.jpg,4
asd_505.jpg,2
asd_506.jpg,4
asd_507.jpg,4
asd_508.jpg,1
asd_509.jpg,3
asd_510.jpg,4
asd_511.jpg,2
asd_512.jpg,1
asd_513.jpg,2
asd_514.jpg,1
asd_515.jpg,4
asd_516.jpg,4
asd_517.jpg,4
asd_518.jpg,4
asd_519.jpg,2
asd_520.jpg,1
asd_521.jpg,1
asd_522.jpg,4
asd_523.jpg,4
asd_524.jpg,4
asd_525.jpg,4
asd_526.jpg,3
asd_527.jpg,0
asd_528.jpg,4
asd_529.jpg,4
asd_530.jpg,0
asd_531.jpg,3
asd_532.jpg,1
asd_533.jpg,3
asd_534.jpg,1
asd_535.jpg,2
asd_536.jpg,3
asd_537.jpg,0
asd_538.jpg,3
asd_539.jpg,3
asd_540.jpg,1
asd_541.jpg,1
asd_542.jpg,4
asd_543.jpg,3
asd_544.jpg,3
asd_545.jpg,3
asd_546.jpg,2
asd_547.jpg,4
asd_548.jpg,4
asd_549.jpg,2
asd_550.jpg,4
asd_551.jpg,4
asd_552.jpg,4
asd_553.jpg,4
asd_554.jpg,3
asd_555.jpg,3
asd_556.jpg,3
asd_557.jpg,4
asd_558.jpg,4
asd_559.jpg,4
asd_560.jpg,4
asd_561.jpg,2
asd_562.jpg,2
asd_563.jpg,2
asd_564.jpg,4
asd_565.jpg,3
asd_566.jpg,2
asd_567.jpg,4
asd_568.jpg,1
asd_569.jpg,2
asd_570.jpg,2
asd_571.jpg,1
asd_572.jpg,3
asd_573.jpg,4
asd_574.jpg,4
asd_575.jpg,4
asd_576.jpg,4
asd_577.jpg,3
asd_578.jpg,2
asd_579.jpg,2
asd_580.jpg,4
asd_581.jpg,4
asd_582.jpg,4
asd_583.jpg,0
asd_584.jpg,4
asd_585.jpg,4
asd_586.jpg,4
asd_587.jpg,4
asd_588.jpg,0
asd_589.jpg,0
asd_590.jpg,0
asd_591.jpg,0
asd_592.jpg,1
asd_593.jpg,3
asd_594.jpg,3
asd_595.jpg,4
asd_596.jpg,1
asd_597.jpg,1
asd_598.jpg,2
asd_599.jpg,2
asd_600.jpg,2
asd_601.jpg,2
asd_602.jpg,0
asd_603.jpg,2
asd_604.jpg,0
asd_605.jpg,0
asd_606.jpg,2
asd_607.jpg,3
asd_608.jpg,3
asd_609.jpg,0
asd_610.jpg,4
asd_611.jpg,0
asd_612.jpg,0
asd_613.jpg,4
asd_614.jpg,4
asd_615.jpg,3
asd_616.jpg,4
asd_617.jpg,4
asd_618.jpg,0
asd_619.jpg,3
asd_620.jpg,0
asd_621.jpg,0
asd_622.jpg,0
asd_623.jpg,0
asd_624.jpg,0
asd_625.jpg,2
asd_626.jpg,2
asd_627.jpg,0
asd_628.jpg,4
asd_629.jpg,0
asd_630.jpg,4
asd_631.jpg,0
asd_632.jpg,0
asd_633.jpg,0
asd_634.jpg,0
asd_635.jpg,0
asd_636.jpg,3
asd_637.jpg,0
asd_638.jpg,0
asd_639.jpg,2
asd_640.jpg,0
asd_641.jpg,0
asd_642.jpg,0
asd_643.jpg,0
asd_644.jpg,0
asd_645.jpg,1
asd_646.jpg,0
asd_647.jpg,1
asd_648.jpg,0
asd_649.jpg,0
asd_650.jpg,1
asd_651.jpg,0
asd_652.jpg,1
asd_653.jpg,0
asd_654.jpg,0
asd_655.jpg,0
asd_656.jpg,2
asd_657.jpg,4
asd_658.jpg,0
asd_659.jpg,0
asd_660.jpg,0
asd_661.jpg,1
asd_662.jpg,1
asd_663.jpg,0
asd_664.jpg,0
asd_665.jpg,0
asd_666.jpg,0
asd_667.jpg,3
asd_668.jpg,0
asd_669.jpg,0
asd_670.jpg,4
asd_671.jpg,4
asd_672.jpg,0
asd_673.jpg,0
asd_674.jpg,0
asd_675.jpg,0
asd_676.jpg,0
asd_677.jpg,4
asd_678.jpg,3
asd_679.jpg,4
asd_680.jpg,0
asd_681.jpg,2
asd_682.jpg,0
asd_683.jpg,4
asd_684.jpg,0
asd_685.jpg,0
asd_686.jpg,0
asd_687.jpg,1
asd_688.jpg,1
asd_689.jpg,0
asd_690.jpg,4
asd_691.jpg,0
asd_692.jpg,0
asd_693.jpg,0
asd_694.jpg,0
asd_695.jpg,0
asd_696.jpg,0
asd_697.jpg,1
asd_698.jpg,0
asd_699.jpg,0
asd_700.jpg,1
asd_701.jpg,3
asd_702.jpg,1
asd_703.jpg,1
asd_704.jpg,0
asd_705.jpg,0
asd_706.jpg,0
asd_707.jpg,0
asd_708.jpg,0
asd_709.jpg,0
asd_710.jpg,1
asd_711.jpg,0
asd_712.jpg,4
asd_713.jpg,4
asd_714.jpg,0
asd_715.jpg,4
asd_716.jpg,0
asd_717.jpg,0
asd_718.jpg,0
asd_719.jpg,4
asd_720.jpg,3
asd_721.jpg,4
asd_722.jpg,0
asd_723.jpg,0
asd_724.jpg,2
asd_725.jpg,4
asd_726.jpg,0
asd_727.jpg,0
asd_728.jpg,0
asd_729.jpg,0
asd_730.jpg,0
asd_731.jpg,0
asd_732.jpg,3
asd_733.jpg,2
asd_734.jpg,0
asd_735.jpg,0
asd_736.jpg,0
asd_737.jpg,0
asd_738.jpg,0
asd_739.jpg,0
asd_740.jpg,0
asd_741.jpg,1
asd_742.jpg,1
asd_743.jpg,0
asd_744.jpg,0
asd_745.jpg,0
asd_746.jpg,4
asd_747.jpg,4
asd_748.jpg,0
asd_749.jpg,0
asd_750.jpg,1
asd_751.jpg,4
asd_752.jpg,1
asd_753.jpg,4
asd_754.jpg,1
asd_755.jpg,0
asd_756.jpg,1
asd_757.jpg,1
asd_758.jpg,0
asd_759.jpg,0
asd_760.jpg,4
asd_761.jpg,0
asd_762.jpg,0
asd_763.jpg,0
asd_764.jpg,0
asd_765.jpg,0
asd_766.jpg,0
asd_767.jpg,0
asd_768.jpg,3
asd_769.jpg,0
asd_770.jpg,0
asd_771.jpg,0
asd_772.jpg,0
asd_773.jpg,3
asd_774.jpg,1
asd_775.jpg,0
asd_776.jpg,0
asd_777.jpg,0
asd_778.jpg,0
asd_779.jpg,0
asd_780.jpg,4
asd_781.jpg,0
asd_782.jpg,0
asd_783.jpg,1
asd_784.jpg,4
asd_785.jpg,0
asd_786.jpg,0
asd_787.jpg,4
asd_788.jpg,3
asd_789.jpg,3
asd_790.jpg,0
asd_791.jpg,1
asd_792.jpg,0
asd_793.jpg,1
asd_794.jpg,0
asd_795.jpg,0
asd_796.jpg,0
asd_797.jpg,0
asd_798.jpg,0
asd_799.jpg,0
asd_800.jpg,2
asd_801.jpg,0
asd_802.jpg,2
asd_803.jpg,1
asd_804.jpg,1
asd_805.jpg,0
asd_806.jpg,0
asd_807.jpg,0
asd_808.jpg,0
asd_809.jpg,0
asd_810.jpg,0
asd_811.jpg,4
asd_812.jpg,4
asd_813.jpg,1
asd_814.jpg,0
asd_815.jpg,1
asd_816.jpg,4
asd_817.jpg,4
asd_818.jpg,2
asd_819.jpg,4
asd_820.jpg,0
asd_821.jpg,1
asd_822.jpg,0
asd_823.jpg,0
asd_824.jpg,0
asd_825.jpg,0
asd_826.jpg,3
asd_827.jpg,1
asd_828.jpg,0
asd_829.jpg,1
asd_830.jpg,4
asd_831.jpg,0
asd_832.jpg,0
asd_833.jpg,0
asd_834.jpg,1
asd_835.jpg,3
asd_836.jpg,0
asd_837.jpg,1
asd_838.jpg,3
asd_839.jpg,3
asd_840.jpg,0
asd_841.jpg,1
asd_842.jpg,0
asd_843.jpg,1
asd_844.jpg,0
asd_845.jpg,0
asd_846.jpg,3
asd_847.jpg,0
asd_848.jpg,0
asd_849.jpg,0
asd_850.jpg,0
asd_851.jpg,1
asd_852.jpg,0
asd_853.jpg,0
asd_854.jpg,0
asd_855.jpg,0
asd_856.jpg,0
asd_857.jpg,4
asd_858.jpg,4
asd_859.jpg,1
asd_860.jpg,0
asd_861.jpg,0
asd_862.jpg,0
asd_863.jpg,1
asd_864.jpg,3
asd_865.jpg,1
asd_866.jpg,1
asd_867.jpg,0
asd_868.jpg,0
asd_869.jpg,0
asd_870.jpg,1
asd_871.jpg,4
asd_872.jpg,4
asd_873.jpg,0
asd_874.jpg,2
asd_875.jpg,3
asd_876.jpg,0
asd_877.jpg,1
asd_878.jpg,4
asd_879.jpg,3
asd_880.jpg,0
asd_881.jpg,0
asd_882.jpg,2
asd_883.jpg,4
asd_884.jpg,0
asd_885.jpg,1
asd_886.jpg,1
asd_887.jpg,0
asd_888.jpg,1
asd_889.jpg,4
asd_890.jpg,0
asd_891.jpg,0
asd_892.jpg,3
asd_893.jpg,3
asd_894.jpg,1
asd_895.jpg,1
asd_896.jpg,1
asd_897.jpg,0
asd_898.jpg,0
asd_899.jpg,0
asd_900.jpg,2
asd_901.jpg,0
asd_902.jpg,2
asd_903.jpg,0
asd_904.jpg,1
asd_905.jpg,3
asd_906.jpg,1
asd_907.jpg,0
asd_908.jpg,1
asd_909.jpg,4
asd_910.jpg,0
asd_911.jpg,1
asd_912.jpg,1
asd_913.jpg,3
asd_914.jpg,0
asd_915.jpg,0
asd_916.jpg,0
asd_917.jpg,1
asd_918.jpg,0
asd_919.jpg,0
asd_920.jpg,1
asd_921.jpg,1
asd_922.jpg,0
asd_923.jpg,0
asd_924.jpg,0
asd_925.jpg,0
asd_926.jpg,0
asd_927.jpg,3
asd_928.jpg,3
asd_929.jpg,3
asd_930.jpg,1
asd_931.jpg,4
asd_932.jpg,0
asd_933.jpg,0
asd_934.jpg,0
asd_935.jpg,0
asd_936.jpg,1
asd_937.jpg,0
asd_938.jpg,0
asd_939.jpg,0
asd_940.jpg,0
asd_941.jpg,1
asd_942.jpg,0
asd_943.jpg,4
asd_944.jpg,0
asd_945.jpg,0
asd_946.jpg,0
asd_947.jpg,4
asd_948.jpg,0
asd_949.jpg,1
asd_950.jpg,0
asd_951.jpg,0
asd_952.jpg,0
asd_953.jpg,4
asd_954.jpg,4
asd_955.jpg,0
asd_956.jpg,0
asd_957.jpg,3
asd_958.jpg,1
asd_959.jpg,0
asd_960.jpg,0
asd_961.jpg,4
asd_962.jpg,4
asd_963.jpg,4
asd_964.jpg,4
asd_965.jpg,0
asd_966.jpg,0
asd_967.jpg,0
asd_968.jpg,1
asd_969.jpg,0
asd_970.jpg,0
asd_971.jpg,0
asd_972.jpg,3
asd_973.jpg,4
asd_974.jpg,0
asd_975.jpg,1
asd_976.jpg,0
asd_977.jpg,0
asd_978.jpg,0
asd_979.jpg,1
asd_980.jpg,4
asd_981.jpg,3
asd_982.jpg,0
asd_983.jpg,4
asd_984.jpg,1
asd_985.jpg,0
asd_986.jpg,3
asd_987.jpg,4
asd_988.jpg,4
asd_989.jpg,3
asd_990.jpg,4
asd_991.jpg,3
asd_992.jpg,3
asd_993.jpg,4
asd_994.jpg,3
asd_995.jpg,3
asd_996.jpg,0
asd_997.jpg,4
asd_998.jpg,4
asd_999.jpg,0
asd_1000.jpg,0
asd_1001.jpg,0
asd_1002.jpg,0
asd_1003.jpg,0
asd_1004.jpg,0
asd_1005.jpg,0
asd_1006.jpg,2
asd_1007.jpg,0
asd_1008.jpg,4
asd_1009.jpg,0
asd_1010.jpg,0
asd_1011.jpg,2
asd_1012.jpg,0
asd_1013.jpg,0
asd_1014.jpg,2
asd_1015.jpg,0
asd_1016.jpg,3
asd_1017.jpg,0
asd_1018.jpg,4
asd_1019.jpg,0
asd_1020.jpg,4
asd_1021.jpg,0
asd_1022.jpg,2
asd_1023.jpg,4
asd_1024.jpg,0
asd_1025.jpg,3
asd_1026.jpg,4
asd_1027.jpg,4
asd_1028.jpg,4
asd_1029.jpg,0
asd_1030.jpg,3
asd_1031.jpg,4
asd_1032.jpg,0
asd_1033.jpg,0
asd_1034.jpg,2
asd_1035.jpg,2
asd_1036.jpg,0
asd_1037.jpg,3
asd_1038.jpg,3
asd_1039.jpg,4
asd_1040.jpg,4
asd_1041.jpg,0
asd_1042.jpg,0
asd_1043.jpg,4
asd_1044.jpg,4
asd_1045.jpg,4
asd_1046.jpg,4
asd_1047.jpg,0
asd_1048.jpg,0
asd_1049.jpg,4
asd_1050.jpg,2
asd_1051.jpg,3
asd_1052.jpg,4
asd_1053.jpg,4
asd_1054.jpg,4
asd_1055.jpg,4
asd_1056.jpg,0
asd_1057.jpg,3
asd_1058.jpg,0
asd_1059.jpg,4
asd_1060.jpg,4
asd_1061.jpg,4
asd_1062.jpg,2
asd_1063.jpg,0
asd_1064.jpg,1
asd_1065.jpg,4
asd_1066.jpg,4
asd_1067.jpg,2
asd_1068.jpg,1
asd_1069.jpg,4
asd_1070.jpg,4
asd_1071.jpg,4
asd_1072.jpg,4
asd_1073.jpg,1
asd_1074.jpg,1
asd_1075.jpg,1
asd_1076.jpg,1
asd_1077.jpg,4
asd_1078.jpg,1
asd_1079.jpg,1
asd_1080.jpg,3
asd_1081.jpg,1
asd_1082.jpg,4
asd_1083.jpg,1
asd_1084.jpg,4
asd_1085.jpg,4
asd_1086.jpg,4
asd_1087.jpg,4
asd_1088.jpg,4
asd_1089.jpg,4
asd_1090.jpg,4
asd_1091.jpg,4
asd_1092.jpg,4
asd_1093.jpg,4
asd_1094.jpg,3
asd_1095.jpg,4
asd_1096.jpg,4
asd_1097.jpg,2
asd_1098.jpg,1
asd_1099.jpg,1
asd_1100.jpg,2
asd_1101.jpg,4
asd_1102.jpg,4
asd_1103.jpg,4
asd_1104.jpg,4
asd_1105.jpg,2
asd_1106.jpg,4
asd_1107.jpg,4
asd_1108.jpg,2
asd_1109.jpg,3
asd_1110.jpg,2
asd_1111.jpg,1
asd_1112.jpg,4
asd_1113.jpg,1
asd_1114.jpg,0
asd_1115.jpg,1
asd_1116.jpg,4
asd_1117.jpg,2
asd_1118.jpg,2
asd_1119.jpg,3
asd_1120.jpg,1
asd_1121.jpg,1
asd_1122.jpg,4
asd_1123.jpg,3
asd_1124.jpg,4
asd_1125.jpg,1
asd_1126.jpg,1
asd_1127.jpg,1
asd_1128.jpg,1
asd_1129.jpg,4
asd_1130.jpg,4
asd_1131.jpg,2
asd_1132.jpg,4
asd_1133.jpg,4
asd_1134.jpg,3
asd_1135.jpg,4
asd_1136.jpg,0
asd_1137.jpg,4
asd_1138.jpg,4
asd_1139.jpg,4
asd_1140.jpg,4
asd_1141.jpg,4
asd_1142.jpg,4
asd_1143.jpg,4
asd_1144.jpg,2
asd_1145.jpg,4
asd_1146.jpg,4
asd_1147.jpg,1
asd_1148.jpg,1
asd_1149.jpg,4
asd_1150.jpg,1
asd_1151.jpg,4
asd_1152.jpg,4
asd_1153.jpg,2
asd_1154.jpg,1
asd_1155.jpg,1
asd_1156.jpg,1
asd_1157.jpg,1
asd_1158.jpg,4
asd_1159.jpg,2
asd_1160.jpg,1
asd_1161.jpg,4
asd_1162.jpg,3
asd_1163.jpg,2
asd_1164.jpg,4
asd_1165.jpg,4
asd_1166.jpg,1
asd_1167.jpg,4
asd_1168.jpg,4
asd_1169.jpg,4
asd_1170.jpg,4
asd_1171.jpg,4
asd_1172.jpg,4
asd_1173.jpg,4
asd_1174.jpg,4
asd_1175.jpg,4
asd_1176.jpg,4
asd_1177.jpg,4
asd_1178.jpg,4
asd_1179.jpg,4
asd_1180.jpg,4
asd_1181.jpg,4
asd_1182.jpg,4
asd_1183.jpg,4
asd_1184.jpg,4
asd_1185.jpg,0
asd_1186.jpg,4
asd_1187.jpg,3
asd_1188.jpg,4
asd_1189.jpg,4
asd_1190.jpg,3
asd_1191.jpg,2
asd_1192.jpg,2
asd_1193.jpg,4
asd_1194.jpg,2
asd_1195.jpg,4
asd_1196.jpg,2
asd_1197.jpg,2
asd_1198.jpg,2
asd_1199.jpg,4
asd_1200.jpg,2
asd_1201.jpg,4
asd_1202.jpg,2
asd_1203.jpg,4
asd_1204.jpg,2
asd_1205.jpg,4
asd_1206.jpg,2
asd_1207.jpg,4
asd_1208.jpg,2
asd_1209.jpg,4
asd_1210.jpg,0
asd_1211.jpg,0
asd_1212.jpg,1
asd_1213.jpg,0
asd_1214.jpg,4
asd_1215.jpg,0
asd_1216.jpg,4
asd_1217.jpg,4
asd_1218.jpg,4
asd_1219.jpg,0
asd_1220.jpg,0
asd_1221.jpg,4
asd_1222.jpg,3
asd_1223.jpg,4
asd_1224.jpg,4
asd_1225.jpg,3
asd_1226.jpg,3
asd_1227.jpg,0
asd_1228.jpg,1
asd_1229.jpg,4
asd_1230.jpg,0
asd_1231.jpg,0
asd_1232.jpg,0
asd_1233.jpg,4
asd_1234.jpg,2
asd_1235.jpg,4
asd_1236.jpg,4
asd_1237.jpg,1
asd_1238.jpg,3
asd_1239.jpg,0
asd_1240.jpg,0
asd_1241.jpg,2
asd_1242.jpg,2
asd_1243.jpg,2
asd_1244.jpg,2
asd_1245.jpg,2
asd_1246.jpg,2
asd_1247.jpg,2
asd_1248.jpg,2
asd_1249.jpg,2
asd_1250.jpg,2
asd_1251.jpg,2
asd_1252.jpg,2
asd_1253.jpg,2
asd_1254.jpg,0
asd_1255.jpg,2
asd_1256.jpg,2
asd_1257.jpg,0
asd_1258.jpg,2
asd_1259.jpg,2
asd_1260.jpg,2
asd_1261.jpg,0
asd_1262.jpg,2
asd_1263.jpg,2
asd_1264.jpg,2
asd_1265.jpg,2
asd_1266.jpg,2
asd_1267.jpg,0
asd_1268.jpg,2
td_01.jpg,1
td_02.jpg,4
td_03.jpg,4
td_04.jpg,0
td_05.jpg,4
td_06.jpg,0
td_07.jpg,0
td_08.jpg,4
td_09.jpg,4
td_10.jpg,0
td_11.jpg,2
td_12.jpg,4
td_13.jpg,0
td_14.jpg,4
td_15.jpg,0
td_16.jpg,0
td_17.jpg,0
td_18.jpg,4
td_19.jpg,0
td_20.jpg,2
td_21.jpg,4
td_22.jpg,0
td_23.jpg,4
td_24.jpg,1
td_25.jpg,0
td_26.jpg,4
td_27.jpg,1
td_28.jpg,4
td_29.jpg,0
td_30.jpg,0
td_31.jpg,1
td_32.jpg,4
td_33.jpg,2
td_34.jpg,0
td_35.jpg,4
td_36.jpg,0
td_37.jpg,0
td_38.jpg,0
td_39.jpg,0
td_40.jpg,0
td_41.jpg,4
td_42.jpg,0
td_43.jpg,4
td_44.jpg,0
td_45.jpg,2
td_46.jpg,3
td_47.jpg,0
td_48.jpg,2
td_49.jpg,0
td_50.jpg,0
td_51.jpg,4
td_52.jpg,4
td_53.jpg,0
td_54.jpg,0
td_55.jpg,4
td_56.jpg,0
td_57.jpg,4
td_58.jpg,0
td_59.jpg,4
td_60.jpg,3
td_61.jpg,0
td_62.jpg,0
td_63.jpg,0
td_64.jpg,0
td_65.jpg,3
td_66.jpg,0
td_67.jpg,0
td_68.jpg,0
td_69.jpg,3
td_70.jpg,0
td_71.jpg,0
td_72.jpg,3
td_73.jpg,0
td_74.jpg,4
td_75.jpg,0
td_76.jpg,0
td_77.jpg,3
td_78.jpg,4
td_79.jpg,4
td_80.jpg,2
td_81.jpg,0
td_82.jpg,0
td_83.jpg,0
td_84.jpg,0
td_85.jpg,4
td_86.jpg,3
td_87.jpg,0
td_88.jpg,3
td_89.jpg,0
td_90.jpg,0
td_91.jpg,4
td_92.jpg,0
td_93.jpg,1
td_94.jpg,4
td_95.jpg,1
td_96.jpg,0
td_97.jpg,0
td_98.jpg,1
td_99.jpg,0
td_100.jpg,0
td_101.jpg,4
td_102.jpg,1
td_103.jpg,0
td_104.jpg,0
td_105.jpg,0
td_106.jpg,0
td_107.jpg,4
td_108.jpg,2
td_109.jpg,0
td_110.jpg,3
td_111.jpg,4
td_112.jpg,0
td_113.jpg,0
td_114.jpg,4
td_115.jpg,4
td_116.jpg,0
td_117.jpg,0
td_118.jpg,0
td_119.jpg,3
td_120.jpg,0
td_121.jpg,0
td_122.jpg,4
td_123.jpg,0
td_124.jpg,0
td_125.jpg,3
td_126.jpg,4
td_127.jpg,0
td_128.jpg,0
td_129.jpg,3
td_130.jpg,4
td_131.jpg,0
td_132.jpg,0
td_133.jpg,4
td_134.jpg,4
td_135.jpg,0
td_136.jpg,4
td_137.jpg,0
td_138.jpg,4
td_139.jpg,4
td_140.jpg,4
td_141.jpg,0
td_142.jpg,0
td_143.jpg,4
td_144.jpg,4
td_145.jpg,4
td_146.jpg,4
td_147.jpg,0
td_148.jpg,0
td_149.jpg,0
td_150.jpg,0
td_151.jpg,0
td_152.jpg,0
td_153.jpg,0
td_154.jpg,0
td_155.jpg,4
td_156.jpg,0
td_157.jpg,4
td_158.jpg,0
td_159.jpg,4
td_160.jpg,0
td_161.jpg,0
td_162.jpg,0
td_163.jpg,0
td_164.jpg,4
td_165.jpg,2
td_166.jpg,4
td_167.jpg,0
td_168.jpg,0
td_169.jpg,0
td_170.jpg,2
td_171.jpg,0
td_172.jpg,1
td_173.jpg,4
td_174.jpg,3
td_175.jpg,0
td_176.jpg,4
td_177.jpg,4
td_178.jpg,0
td_179.jpg,3
td_180.jpg,1
td_181.jpg,0
td_182.jpg,0
td_183.jpg,0
td_184.jpg,4
td_185.jpg,1
td_186.jpg,0
td_187.jpg,0
td_188.jpg,0
td_189.jpg,0
td_190.jpg,0
td_191.jpg,0
td_192.jpg,0
td_193.jpg,4
td_194.jpg,0
td_195.jpg,0
td_196.jpg,0
td_197.jpg,0
td_198.jpg,0
td_199.jpg,0
td_200.jpg,0
td_201.jpg,0
td_202.jpg,0
td_203.jpg,0
td_204.jpg,4
td_205.jpg,4
td_206.jpg,4
td_207.jpg,1
td_208.jpg,0
td_209.jpg,4
td_210.jpg,4
td_211.jpg,4
td_212.jpg,4
td_213.jpg,0
td_214.jpg,4
td_215.jpg,0
td_216.jpg,3
td_217.jpg,0
td_218.jpg,0
td_219.jpg,4
td_220.jpg,4
td_221.jpg,0
td_222.jpg,0
td_223.jpg,4
td_224.jpg,4
td_225.jpg,4
td_226.jpg,1
td_227.jpg,4
td_228.jpg,0
td_229.jpg,0
td_230.jpg,0
td_231.jpg,0
td_232.jpg,3
td_233.jpg,2
td_234.jpg,4
td_235.jpg,0
td_236.jpg,0
td_237.jpg,0
td_238.jpg,0
td_239.jpg,0
td_240.jpg,0
td_241.jpg,0
td_242.jpg,0
td_243.jpg,3
td_244.jpg,4
td_245.jpg,0
td_246.jpg,4
td_247.jpg,2
td_248.jpg,2
td_249.jpg,0
td_250.jpg,3
td_251.jpg,4
td_252.jpg,4
td_253.jpg,0
td_254.jpg,0
td_255.jpg,2
td_256.jpg,0
td_257.jpg,0
td_258.jpg,4
td_259.jpg,0
td_260.jpg,3
td_261.jpg,0
td_262.jpg,0
td_263.jpg,3
td_264.jpg,0
td_265.jpg,0
td_266.jpg,0
td_267.jpg,0
td_268.jpg,1
td_269.jpg,1
td_270.jpg,0
td_271.jpg,0
td_272.jpg,1
td_273.jpg,0
td_274.jpg,0
td_275.jpg,4
td_276.jpg,0
td_277.jpg,0
td_278.jpg,0
td_279.jpg,0
td_280.jpg,3
td_281.jpg,4
td_282.jpg,0
td_283.jpg,4
td_284.jpg,0
td_285.jpg,0
td_286.jpg,4
td_287.jpg,0
td_288.jpg,3
td_289.jpg,0
td_290.jpg,4
td_291.jpg,4
td_292.jpg,3
td_293.jpg,0
td_294.jpg,0
td_295.jpg,0
td_296.jpg,0
td_297.jpg,3
td_298.jpg,3
td_299.jpg,0
td_300.jpg,4
td_301.jpg,1
td_302.jpg,0
td_303.jpg,4
td_304.jpg,4
td_305.jpg,0
td_306.jpg,0
td_307.jpg,0
td_308.jpg,1
td_309.jpg,4
td_310.jpg,1
td_311.jpg,4
td_312.jpg,0
td_313.jpg,2
td_314.jpg,0
td_315.jpg,0
td_316.jpg,0
td_317.jpg,4
td_318.jpg,0
td_319.jpg,0
td_320.jpg,4
td_321.jpg,0
td_322.jpg,1
td_323.jpg,4
td_324.jpg,0
td_325.jpg,0
td_326.jpg,0
td_327.jpg,1
td_328.jpg,0
td_329.jpg,0
td_330.jpg,0
td_331.jpg,4
td_332.jpg,4
td_333.jpg,4
td_334.jpg,0
td_335.jpg,0
td_336.jpg,0
td_337.jpg,3
td_338.jpg,0
td_339.jpg,3
td_340.jpg,0
td_341.jpg,0
td_342.jpg,0
td_343.jpg,0
td_344.jpg,4
td_345.jpg,3
td_346.jpg,4
td_347.jpg,0
td_348.jpg,0
td_349.jpg,2
td_350.jpg,0
td_351.jpg,0
td_352.jpg,4
td_353.jpg,4
td_354.jpg,4
td_355.jpg,0
td_356.jpg,3
td_357.jpg,0
td_358.jpg,0
td_359.jpg,0
td_360.jpg,4
td_361.jpg,4
td_362.jpg,0
td_363.jpg,4
td_364.jpg,4
td_365.jpg,0
td_366.jpg,1
td_367.jpg,0
td_368.jpg,0
td_369.jpg,0
td_370.jpg,0
td_371.jpg,0
td_372.jpg,0
td_373.jpg,0
td_374.jpg,0
td_375.jpg,4
td_376.jpg,3
td_377.jpg,3
td_378.jpg,0
td_379.jpg,0
td_380.jpg,2
td_381.jpg,0
td_382.jpg,1
td_383.jpg,0
td_384.jpg,0
td_385.jpg,4
td_386.jpg,4
td_387.jpg,0
td_388.jpg,0
td_389.jpg,0
td_390.jpg,4
td_391.jpg,4
td_392.jpg,0
td_393.jpg,0
td_394.jpg,0
td_395.jpg,0
td_396.jpg,0
td_397.jpg,4
td_398.jpg,4
td_399.jpg,3
td_400.jpg,0
td_401.jpg,3
td_402.jpg,3
td_403.jpg,0
td_404.jpg,4
td_405.jpg,4
td_406.jpg,3
td_407.jpg,0
td_408.jpg,4
td_409.jpg,0
td_410.jpg,0
td_411.jpg,0
td_412.jpg,0
td_413.jpg,0
td_414.jpg,0
td_415.jpg,0
td_416.jpg,0
td_417.jpg,0
td_418.jpg,2
td_419.jpg,0
td_420.jpg,0
td_421.jpg,4
td_422.jpg,0
td_423.jpg,0
td_424.jpg,4
td_425.jpg,1
td_426.jpg,4
td_427.jpg,4
td_428.jpg,0
td_429.jpg,0
td_430.jpg,4
td_431.jpg,0
td_432.jpg,0
td_433.jpg,0
td_434.jpg,4
td_435.jpg,3
td_436.jpg,0
td_437.jpg,4
td_438.jpg,0
td_439.jpg,1
td_440.jpg,0
td_441.jpg,2
td_442.jpg,0
td_443.jpg,0
td_444.jpg,0
td_445.jpg,0
td_446.jpg,3
td_447.jpg,3
td_448.jpg,0
td_449.jpg,0
td_450.jpg,0
td_451.jpg,0
td_452.jpg,3
td_453.jpg,0
td_454.jpg,1
td_455.jpg,0
td_456.jpg,3
td_457.jpg,4
td_458.jpg,4
td_459.jpg,0
td_460.jpg,0
td_461.jpg,0
td_462.jpg,4
td_463.jpg,2
td_464.jpg,1
td_465.jpg,4
td_466.jpg,1
td_467.jpg,4
td_468.jpg,0
td_469.jpg,4
td_470.jpg,0
td_471.jpg,0
td_472.jpg,0
td_473.jpg,4
td_474.jpg,1
td_475.jpg,0
td_476.jpg,0
td_477.jpg,4
td_478.jpg,0
td_479.jpg,4
td_480.jpg,0
td_481.jpg,0
td_482.jpg,0
td_483.jpg,4
td_484.jpg,0
td_485.jpg,4
td_486.jpg,4
td_487.jpg,4
td_488.jpg,4
td_489.jpg,4
td_490.jpg,4
td_491.jpg,0
td_492.jpg,4
td_493.jpg,4
td_494.jpg,0
td_495.jpg,1
td_496.jpg,3
td_497.jpg,4
td_498.jpg,3
td_499.jpg,4
td_500.jpg,1
td_501.jpg,0
td_502.jpg,4
td_503.jpg,1
td_504.jpg,4
td_505.jpg,0
td_506.jpg,4
td_507.jpg,0
td_508.jpg,4
td_509.jpg,0
td_510.jpg,4
td_511.jpg,0
td_512.jpg,0
td_513.jpg,0
td_514.jpg,0
td_515.jpg,0
td_516.jpg,0
td_517.jpg,4
td_518.jpg,4
td_519.jpg,4
td_520.jpg,4
td_521.jpg,1
td_522.jpg,1
td_523.jpg,0
td_524.jpg,0
td_525.jpg,0
td_526.jpg,0
td_527.jpg,0
td_528.jpg,4
td_529.jpg,4
td_530.jpg,0
td_531.jpg,0
td_532.jpg,0
td_533.jpg,0
td_534.jpg,0
td_535.jpg,0
td_536.jpg,4
td_537.jpg,4
td_538.jpg,0
td_539.jpg,0
td_540.jpg,4
td_541.jpg,3
td_542.jpg,3
td_543.jpg,0
td_544.jpg,0
td_545.jpg,1
td_546.jpg,3
td_547.jpg,4
td_548.jpg,0
td_549.jpg,3
td_550.jpg,0
td_551.jpg,1
td_552.jpg,4
td_553.jpg,0
td_554.jpg,3
td_555.jpg,0
td_556.jpg,4
td_557.jpg,2
td_558.jpg,4
td_559.jpg,0
td_560.jpg,0
td_561.jpg,0
td_562.jpg,0
td_563.jpg,0
td_564.jpg,4
td_565.jpg,3
td_566.jpg,0
td_567.jpg,0
td_568.jpg,0
td_569.jpg,4
td_570.jpg,4
td_571.jpg,4
td_572.jpg,4
td_573.jpg,1
td_574.jpg,0
td_575.jpg,3
td_576.jpg,0
td_577.jpg,4
td_578.jpg,0
td_579.jpg,4
td_580.jpg,0
td_581.jpg,0
td_582.jpg,4
td_583.jpg,4
td_584.jpg,0
td_585.jpg,3
td_586.jpg,4
td_587.jpg,4
td_588.jpg,4
td_589.jpg,0
td_590.jpg,3
td_591.jpg,4
td_592.jpg,3
td_593.jpg,3
td_594.jpg,0
td_595.jpg,0
td_596.jpg,3
td_597.jpg,3
td_598.jpg,0
td_599.jpg,4
td_600.jpg,4
td_601.jpg,4
td_602.jpg,4
td_603.jpg,0
td_604.jpg,4
td_605.jpg,0
td_606.jpg,0
td_607.jpg,4
td_608.jpg,0
td_609.jpg,3
td_610.jpg,0
td_611.jpg,0
td_612.jpg,0
td_613.jpg,4
td_614.jpg,0
td_615.jpg,4
td_616.jpg,4
td_617.jpg,0
td_618.jpg,0
td_619.jpg,0
td_620.jpg,0
td_621.jpg,0
td_622.jpg,0
td_623.jpg,0
td_624.jpg,3
td_625.jpg,1
td_626.jpg,0
td_627.jpg,0
td_628.jpg,4
td_629.jpg,3
td_630.jpg,4
td_631.jpg,0
td_632.jpg,0
td_633.jpg,3
td_634.jpg,0
td_635.jpg,2
td_636.jpg,0
td_637.jpg,0
td_638.jpg,0
td_639.jpg,0
td_640.jpg,0
td_641.jpg,0
td_642.jpg,4
td_643.jpg,0
td_644.jpg,4
td_645.jpg,0
td_646.jpg,0
td_647.jpg,4
td_648.jpg,4
td_649.jpg,0
td_650.jpg,0
td_651.jpg,0
td_652.jpg,0
td_653.jpg,0
td_654.jpg,0
td_655.jpg,3
td_656.jpg,4
td_657.jpg,2
td_658.jpg,2
td_659.jpg,0
td_660.jpg,0
td_661.jpg,0
td_662.jpg,0
td_663.jpg,0
td_664.jpg,0
td_665.jpg,4
td_666.jpg,4
td_667.jpg,4
td_668.jpg,4
td_669.jpg,0
td_670.jpg,3
td_671.jpg,4
td_672.jpg,0
td_673.jpg,4
td_674.jpg,0
td_675.jpg,4
td_676.jpg,1
td_677.jpg,1
td_678.jpg,0
td_679.jpg,2
td_680.jpg,3
td_681.jpg,4
td_682.jpg,4
td_683.jpg,4
td_684.jpg,0
td_685.jpg,4
td_686.jpg,2
td_687.jpg,1
td_688.jpg,3
td_689.jpg,0
td_690.jpg,0
td_691.jpg,4
td_692.jpg,0
td_693.jpg,3
td_694.jpg,0
td_695.jpg,3
td_696.jpg,1
td_697.jpg,0
td_698.jpg,4
td_699.jpg,4
td_700.jpg,4
td_701.jpg,0
td_702.jpg,0
td_703.jpg,0
td_704.jpg,0
td_705.jpg,4
td_706.jpg,4
td_707.jpg,4
td_708.jpg,0
td_709.jpg,0
td_710.jpg,4
td_711.jpg,0
td_712.jpg,0
td_713.jpg,4
td_714.jpg,0
td_715.jpg,2
td_716.jpg,3
td_717.jpg,0
td_718.jpg,1
td_719.jpg,4
td_720.jpg,4
td_721.jpg,4
td_722.jpg,4
td_723.jpg,4
td_724.jpg,4
td_725.jpg,4
td_726.jpg,1
td_727.jpg,4
td_728.jpg,4
td_729.jpg,2
td_730.jpg,3
td_731.jpg,4
td_732.jpg,3
td_733.jpg,0
td_734.jpg,2
td_735.jpg,0
td_736.jpg,0
td_737.jpg,0
td_738.jpg,4
td_739.jpg,4
td_740.jpg,2
td_741.jpg,1
td_742.jpg,3
td_743.jpg,0
td_744.jpg,0
td_745.jpg,0
td_746.jpg,4
td_747.jpg,4
td_748.jpg,4
td_749.jpg,0
td_750.jpg,2
td_751.jpg,4
td_752.jpg,0
td_753.jpg,4
td_754.jpg,4
td_755.jpg,0
td_756.jpg,4
td_757.jpg,0
td_758.jpg,0
td_759.jpg,0
td_760.jpg,0
td_761.jpg,4
td_762.jpg,4
td_763.jpg,4
td_764.jpg,0
td_765.jpg,0
td_766.jpg,4
td_767.jpg,0
td_768.jpg,0
td_769.jpg,0
td_770.jpg,0
td_771.jpg,4
td_772.jpg,4
td_773.jpg,2
td_774.jpg,0
td_775.jpg,0
td_776.jpg,0
td_777.jpg,1
td_778.jpg,0
td_779.jpg,4
td_780.jpg,0
td_781.jpg,0
td_782.jpg,4
td_783.jpg,3
td_784.jpg,0
td_785.jpg,4
td_786.jpg,0
td_787.jpg,0
td_788.jpg,0
td_789.jpg,0
td_790.jpg,0
td_791.jpg,0
td_792.jpg,4
td_793.jpg,0
td_794.jpg,4
td_795.jpg,4
td_796.jpg,0
td_797.jpg,0
td_798.jpg,0
td_799.jpg,1
td_800.jpg,0
td_801.jpg,3
td_802.jpg,4
td_803.jpg,4
td_804.jpg,0
td_805.jpg,0
td_806.jpg,0
td_807.jpg,0
td_808.jpg,4
td_809.jpg,4
td_810.jpg,0
td_811.jpg,0
td_812.jpg,1
td_813.jpg,2
td_814.jpg,0
td_815.jpg,0
td_816.jpg,0
td_817.jpg,1
td_818.jpg,0
td_819.jpg,4
td_820.jpg,4
td_821.jpg,0
td_822.jpg,0
td_823.jpg,0
td_824.jpg,4
td_825.jpg,0
td_826.jpg,0
td_827.jpg,4
td_828.jpg,0
td_829.jpg,0
td_830.jpg,4
td_831.jpg,3
td_832.jpg,0
td_833.jpg,3
td_834.jpg,0
td_835.jpg,0
td_836.jpg,2
td_837.jpg,4
td_838.jpg,1
td_839.jpg,4
td_840.jpg,4
td_841.jpg,0
td_842.jpg,0
td_843.jpg,0
td_844.jpg,4
td_845.jpg,4
td_846.jpg,0
td_847.jpg,0
td_848.jpg,0
td_849.jpg,4
td_850.jpg,3
td_851.jpg,3
td_852.jpg,4
td_853.jpg,0
td_854.jpg,4
td_855.jpg,0
td_856.jpg,4
td_857.jpg,4
td_858.jpg,0
td_859.jpg,4
td_860.jpg,4
td_861.jpg,2
td_862.jpg,0
td_863.jpg,0
td_864.jpg,1
td_865.jpg,0
td_866.jpg,0
td_867.jpg,0
td_868.jpg,0
td_869.jpg,0
td_870.jpg,0
td_871.jpg,0
td_872.jpg,0
td_873.jpg,4
td_874.jpg,0
td_875.jpg,4
td_876.jpg,1
td_877.jpg,0
td_878.jpg,4
td_879.jpg,0
td_880.jpg,0
td_881.jpg,0
td_882.jpg,0
td_883.jpg,1
td_884.jpg,1
td_885.jpg,0
td_886.jpg,0
td_887.jpg,0
td_888.jpg,3
td_889.jpg,0
td_890.jpg,0
td_891.jpg,4
td_892.jpg,0
td_893.jpg,0
td_894.jpg,0
td_895.jpg,2
td_896.jpg,4
td_897.jpg,1
td_898.jpg,1
td_899.jpg,0
td_900.jpg,3
td_901.jpg,3
td_902.jpg,0
td_903.jpg,0
td_904.jpg,3
td_905.jpg,0
td_906.jpg,2
td_907.jpg,3
td_908.jpg,4
td_909.jpg,0
td_910.jpg,3
td_911.jpg,4
td_912.jpg,4
td_913.jpg,0
td_914.jpg,0
td_915.jpg,0
td_916.jpg,4
td_917.jpg,0
td_918.jpg,0
td_919.jpg,0
td_920.jpg,4
td_921.jpg,2
td_922.jpg,0
td_923.jpg,0
td_924.jpg,0
td_925.jpg,3
td_926.jpg,1
td_927.jpg,0
td_928.jpg,4
td_929.jpg,0
td_930.jpg,3
td_931.jpg,0
td_932.jpg,4
td_933.jpg,2
td_934.jpg,0
td_935.jpg,0
td_936.jpg,0
td_937.jpg,0
td_938.jpg,3
td_939.jpg,0
td_940.jpg,3
td_941.jpg,0
td_942.jpg,0
td_943.jpg,4
td_944.jpg,0
td_945.jpg,0
td_946.jpg,4
td_947.jpg,0
td_948.jpg,0
td_949.jpg,1
td_950.jpg,2
td_951.jpg,4
td_952.jpg,4
td_953.jpg,0
td_954.jpg,0
td_955.jpg,4
td_956.jpg,4
td_957.jpg,4
td_958.jpg,3
td_959.jpg,1
td_960.jpg,4
td_961.jpg,4
td_962.jpg,0
td_963.jpg,0
td_964.jpg,0
td_965.jpg,4
td_966.jpg,3
td_967.jpg,0
td_968.jpg,0
td_969.jpg,4
td_970.jpg,0
td_971.jpg,1
td_972.jpg,4
td_973.jpg,0
td_974.jpg,3
td_975.jpg,0
td_976.jpg,4
td_977.jpg,0
td_978.jpg,1
td_979.jpg,0
td_980.jpg,2
td_981.jpg,0
td_982.jpg,0
td_983.jpg,4
td_984.jpg,4
td_985.jpg,0
td_986.jpg,0
td_987.jpg,0
td_988.jpg,0
td_989.jpg,0
td_990.jpg,2
td_991.jpg,0
td_992.jpg,0
td_993.jpg,0
td_994.jpg,1
td_995.jpg,4
td_996.jpg,0
td_997.jpg,4
td_998.jpg,0
td_999.jpg,1
td_1000.jpg,0
td_1001.jpg,4
td_1002.jpg,0
td_1003.jpg,0
td_1004.jpg,0
td_1005.jpg,0
td_1006.jpg,4
td_1007.jpg,0
td_1008.jpg,0
td_1009.jpg,0
td_1010.jpg,3
td_1011.jpg,3
td_1012.jpg,0
td_1013.jpg,0
td_1014.jpg,0
td_1015.jpg,0
td_1016.jpg,0
td_1017.jpg,4
td_1018.jpg,0
td_1019.jpg,0
td_1020.jpg,0
td_1021.jpg,3
td_1022.jpg,4
td_1023.jpg,4
td_1024.jpg,0
td_1025.jpg,0
td_1026.jpg,2
td_1027.jpg,2
td_1028.jpg,2
td_1029.jpg,0
td_1030.jpg,3
td_1031.jpg,3
td_1032.jpg,4
td_1033.jpg,3
td_1034.jpg,0
td_1035.jpg,0
td_1036.jpg,4
td_1037.jpg,0
td_1038.jpg,4
td_1039.jpg,3
td_1040.jpg,2
td_1041.jpg,0
td_1042.jpg,0
td_1043.jpg,0
td_1044.jpg,4
td_1045.jpg,0
td_1046.jpg,0
td_1047.jpg,4
td_1048.jpg,4
td_1049.jpg,4
td_1050.jpg,4
td_1051.jpg,0
td_1052.jpg,0
td_1053.jpg,3
td_1054.jpg,0
td_1055.jpg,0
td_1056.jpg,4
td_1057.jpg,0
td_1058.jpg,0
td_1059.jpg,4
td_1060.jpg,1
td_1061.jpg,0
td_1062.jpg,0
td_1063.jpg,0
td_1064.jpg,4
td_1065.jpg,4
td_1066.jpg,0
td_1067.jpg,4
td_1068.jpg,1
td_1069.jpg,4
td_1070.jpg,3
td_1071.jpg,4
td_1072.jpg,3
td_1073.jpg,3
td_1074.jpg,3
td_1075.jpg,2
td_1076.jpg,1
td_1077.jpg,0
td_1078.jpg,0
td_1079.jpg,0
td_1080.jpg,0
td_1081.jpg,1
td_1082.jpg,0
td_1083.jpg,0
td_1084.jpg,3
td_1085.jpg,0
td_1086.jpg,4
td_1087.jpg,4
td_1088.jpg,0
td_1089.jpg,4
td_1090.jpg,4
td_1091.jpg,0
td_1092.jpg,0
td_1093.jpg,0
td_1094.jpg,0
td_1095.jpg,4
td_1096.jpg,0
td_1097.jpg,0
td_1098.jpg,4
td_1099.jpg,4
td_1100.jpg,3
td_1101.jpg,0
td_1102.jpg,4
td_1103.jpg,1
td_1104.jpg,0
td_1105.jpg,0
td_1106.jpg,0
td_1107.jpg,4
td_1108.jpg,4
td_1109.jpg,0
td_1110.jpg,0
td_1111.jpg,0
td_1112.jpg,4
td_1113.jpg,3
td_1114.jpg,3
td_1115.jpg,3
td_1116.jpg,0
td_1117.jpg,4
td_1118.jpg,0
td_1119.jpg,3
td_1120.jpg,0
td_1121.jpg,0
td_1122.jpg,4
td_1123.jpg,0
td_1124.jpg,4
td_1125.jpg,0
td_1126.jpg,0
td_1127.jpg,0
td_1128.jpg,0
td_1129.jpg,0
td_1130.jpg,0
td_1131.jpg,4
td_1132.jpg,0
td_1133.jpg,0
td_1134.jpg,0
td_1135.jpg,0
td_1136.jpg,0
td_1137.jpg,0
td_1138.jpg,0
td_1139.jpg,0
td_1140.jpg,4
td_1141.jpg,0
td_1142.jpg,0
td_1143.jpg,0
td_1144.jpg,0
td_1145.jpg,0
td_1146.jpg,0
td_1147.jpg,3
td_1148.jpg,4
td_1149.jpg,4
td_1150.jpg,3
td_1151.jpg,0
td_1152.jpg,0
td_1153.jpg,4
td_1154.jpg,0
td_1155.jpg,0
td_1156.jpg,4
td_1157.jpg,4
td_1158.jpg,0
td_1159.jpg,4
td_1160.jpg,0
td_1161.jpg,4
td_1162.jpg,0
td_1163.jpg,0
td_1164.jpg,0
td_1165.jpg,0
td_1166.jpg,0
td_1167.jpg,0
td_1168.jpg,0
td_1169.jpg,4
td_1170.jpg,0
td_1171.jpg,4
td_1172.jpg,0
td_1173.jpg,3
td_1174.jpg,0
td_1175.jpg,0
td_1176.jpg,4
td_1177.jpg,0
td_1178.jpg,4
td_1179.jpg,0
td_1180.jpg,0
td_1181.jpg,0
td_1182.jpg,0
td_1183.jpg,3
td_1184.jpg,0
td_1185.jpg,0
td_1186.jpg,0
td_1187.jpg,1
td_1188.jpg,2
td_1189.jpg,0
td_1190.jpg,4
td_1191.jpg,4
td_1192.jpg,1
td_1193.jpg,0
td_1194.jpg,0
td_1195.jpg,0
td_1196.jpg,0
td_1197.jpg,2
td_1198.jpg,0
td_1199.jpg,4
td_1200.jpg,0
td_1201.jpg,0
td_1202.jpg,4
td_1203.jpg,2
td_1204.jpg,4
td_1205.jpg,0
td_1206.jpg,3
td_1207.jpg,0
td_1208.jpg,4
td_1209.jpg,4
td_1210.jpg,3
td_1211.jpg,0
td_1212.jpg,0
td_1213.jpg,3
td_1214.jpg,4
td_1215.jpg,0
td_1216.jpg,0
td_1217.jpg,0
td_1218.jpg,4
td_1219.jpg,4
td_1220.jpg,4
td_1221.jpg,0
td_1222.jpg,0
td_1223.jpg,2
td_1224.jpg,4
td_1225.jpg,2
td_1226.jpg,4
td_1227.jpg,0
td_1228.jpg,0
td_1229.jpg,0
td_1230.jpg,0
td_1231.jpg,0
td_1232.jpg,4
td_1233.jpg,0
td_1234.jpg,0
td_1235.jpg,0
td_1236.jpg,0
td_1237.jpg,0
td_1238.jpg,0
td_1239.jpg,2
td_1240.jpg,4
td_1241.jpg,0
td_1242.jpg,0
td_1243.jpg,1
td_1244.jpg,2
td_1245.jpg,0
td_1246.jpg,3
td_1247.jpg,1
td_1248.jpg,0
td_1249.jpg,0
td_1250.jpg,0
td_1251.jpg,0
td_1252.jpg,0
td_1253.jpg,4
td_1254.jpg,4
td_1255.jpg,0
td_1256.jpg,0
td_1257.jpg,0
td_1258.jpg,3
td_1259.jpg,3
td_1260.jpg,0
td_1261.jpg,0
td_1262.jpg,0
td_1263.jpg,0
td_1264.jpg,4
td_1265.jpg,0
td_1266.jpg,4
td_1267.jpg,0
td_1268.jpg,0
td_1269.jpg,0
td_1270.jpg,0
td_1271.jpg,0
td_1272.jpg,4
td_1273.jpg,3
td_1274.jpg,0
td_1275.jpg,0
td_1276.jpg,4
td_1277.jpg,3
td_1278.jpg,3
td_1279.jpg,4
td_1280.jpg,0
td_1281.jpg,0
td_1282.jpg,4
td_1283.jpg,0
td_1284.jpg,4
td_1285.jpg,0
td_1286.jpg,0
td_1287.jpg,1
td_1288.jpg,0
td_1289.jpg,3
td_1290.jpg,3
td_1291.jpg,1
td_1292.jpg,1
td_1293.jpg,0
td_1294.jpg,3
td_1295.jpg,3
td_1296.jpg,3
td_1297.jpg,4
td_1298.jpg,0
td_1299.jpg,0
td_1300.jpg,1
td_1301.jpg,0
td_1302.jpg,0
td_1303.jpg,0
td_1304.jpg,4
td_1305.jpg,0
td_1306.jpg,2
td_1307.jpg,4
td_1308.jpg,0
td_1309.jpg,0
td_1310.jpg,0
td_1311.jpg,0
td_1312.jpg,0
td_1313.jpg,2
td_1314.jpg,0
td_1315.jpg,4
td_1316.jpg,4
td_1317.jpg,0
td_1318.jpg,4
td_1319.jpg,4
td_1320.jpg,0
td_1321.jpg,0
td_1322.jpg,3
td_1323.jpg,2
td_1324.jpg,3
td_1325.jpg,4
td_1326.jpg,0
td_1327.jpg,0
td_1328.jpg,4
td_1329.jpg,0
td_1330.jpg,0
td_1331.jpg,0
td_1332.jpg,0
td_1333.jpg,3
td_1334.jpg,0
td_1335.jpg,0
td_1336.jpg,1
td_1337.jpg,0
td_1338.jpg,0
td_1339.jpg,3
td_1340.jpg,1
td_1341.jpg,0
td_1342.jpg,4
td_1343.jpg,0
td_1344.jpg,0
td_1345.jpg,4
td_1346.jpg,4
td_1347.jpg,4
td_1348.jpg,0
td_1349.jpg,0
td_1350.jpg,4
td_1351.jpg,0
td_1352.jpg,0
td_1353.jpg,0
td_1354.jpg,0
td_1355.jpg,4
td_1356.jpg,0
td_1357.jpg,0
td_1358.jpg,0
td_1359.jpg,0
td_1360.jpg,3
td_1361.jpg,0
td_1362.jpg,4
td_1363.jpg,0
td_1364.jpg,0
td_1365.jpg,0
td_1366.jpg,4
td_1367.jpg,4
td_1368.jpg,0
td_1369.jpg,0
td_1370.jpg,0
td_1371.jpg,0
td_1372.jpg,0
td_1373.jpg,0
td_1374.jpg,0
td_1375.jpg,0
td_1376.jpg,0
td_1377.jpg,0
td_1378.jpg,0
td_1379.jpg,0
td_1380.jpg,0
td_1381.jpg,0
td_1382.jpg,0
td_1383.jpg,0
td_1384.jpg,3
td_1385.jpg,0
td_1386.jpg,0
td_1387.jpg,0
td_1388.jpg,4
td_1389.jpg,4
td_1390.jpg,0
td_1391.jpg,1
td_1392.jpg,0
td_1393.jpg,0
td_1394.jpg,0
td_1395.jpg,0
td_1396.jpg,0
td_1397.jpg,0
td_1398.jpg,0
td_1399.jpg,4
td_1400.jpg,4
td_1401.jpg,4
td_1402.jpg,4
td_1403.jpg,0
td_1404.jpg,0
td_1405.jpg,0
td_1406.jpg,0
td_1407.jpg,0
td_1408.jpg,2
td_1409.jpg,4
td_1410.jpg,0
td_1411.jpg,1
td_1412.jpg,3
td_1413.jpg,0
td_1414.jpg,0
td_1415.jpg,0
td_1416.jpg,4
td_1417.jpg,0
td_1418.jpg,0
td_1419.jpg,0
td_1420.jpg,4
td_1421.jpg,4
td_1422.jpg,1
td_1423.jpg,4
td_1424.jpg,0
td_1425.jpg,3
td_1426.jpg,1
td_1427.jpg,0
td_1428.jpg,4
td_1429.jpg,0
td_1430.jpg,3
td_1431.jpg,1
td_1432.jpg,4
td_1433.jpg,4
td_1434.jpg,0
td_1435.jpg,4
td_1436.jpg,0
td_1437.jpg,4
td_1438.jpg,4
td_1439.jpg,3
td_1440.jpg,0
td_1441.jpg,4
td_1442.jpg,4
td_1443.jpg,4
td_1444.jpg,0
td_1445.jpg,0
td_1446.jpg,0
td_1447.jpg,0
td_1448.jpg,0
td_1449.jpg,0
td_1450.jpg,0
td_1451.jpg,0
td_1452.jpg,4
td_1453.jpg,0
td_1454.jpg,0
td_1455.jpg,0
td_1456.jpg,0
td_1457.jpg,0
td_1458.jpg,4
td_1459.jpg,2
td_1460.jpg,0
td_1461.jpg,0
td_1462.jpg,1
td_1463.jpg,0
td_1464.jpg,1
td_1465.jpg,0
td_1466.jpg,0
td_1467.jpg,0
td_1468.jpg,0
td_1469.jpg,4
td_1470.jpg,0
td_1471.jpg,0
td_1472.jpg,3
td_1473.jpg,4
td_1474.jpg,0
td_1475.jpg,3
td_1476.jpg,0
td_1477.jpg,1
td_1478.jpg,0
td_1479.jpg,4
td_1480.jpg,0
td_1481.jpg,3
td_1482.jpg,0
td_1483.jpg,0
td_1484.jpg,0
td_1485.jpg,4
td_1486.jpg,4
td_1487.jpg,4
td_1488.jpg,3
td_1489.jpg,1
td_1490.jpg,4
td_1491.jpg,0
td_1492.jpg,0
td_1493.jpg,0
td_1494.jpg,0
td_1495.jpg,0
td_1496.jpg,0
td_1497.jpg,1
td_1498.jpg,0
td_1499.jpg,0
td_1500.jpg,0
td_1501.jpg,4
td_1502.jpg,0
td_1503.jpg,2
td_1504.jpg,0
td_1505.jpg,0
td_1506.jpg,4
td_1507.jpg,3
td_1508.jpg,4
td_1509.jpg,3
td_1510.jpg,4
td_1511.jpg,4
td_1512.jpg,0
td_1513.jpg,0
td_1514.jpg,0
td_1515.jpg,0
td_1516.jpg,4
td_1517.jpg,0
td_1518.jpg,0
td_1519.jpg,4
td_1520.jpg,4
td_1521.jpg,4
td_1522.jpg,4
td_1523.jpg,3
td_1524.jpg,4
td_1525.jpg,0
td_1526.jpg,0
td_1527.jpg,3
td_1528.jpg,4
td_1529.jpg,3
td_1530.jpg,4
td_1531.jpg,0
td_1532.jpg,0
td_1533.jpg,0
td_1534.jpg,0
td_1535.jpg,2
td_1536.jpg,4
td_1537.jpg,3
td_1538.jpg,0
td_1539.jpg,0
td_1540.jpg,0
td_1541.jpg,0
td_1542.jpg,0
td_1543.jpg,0
td_1544.jpg,4
td_1545.jpg,0
td_1546.jpg,3
td_1547.jpg,0
td_1548.jpg,4
td_1549.jpg,1
td_1550.jpg,4
td_1551.jpg,2
td_1552.jpg,1
td_1553.jpg,4
td_1554.jpg,0
td_1555.jpg,0
td_1556.jpg,3
td_1557.jpg,3
td_1558.jpg,0
td_1559.jpg,4
td_1560.jpg,0
td_1561.jpg,4
td_1562.jpg,1
td_1563.jpg,4
td_1564.jpg,4
td_1565.jpg,0
td_1566.jpg,0
td_1567.jpg,2
td_1568.jpg,0
td_1569.jpg,0
td_1570.jpg,4
td_1571.jpg,0
td_1572.jpg,0
td_1573.jpg,1
td_1574.jpg,0
td_1575.jpg,0
td_1576.jpg,0
td_1577.jpg,0
td_1578.jpg,0
td_1579.jpg,0
td_1580.jpg,0
td_1581.jpg,4
td_1582.jpg,0
td_1583.jpg,4
td_1584.jpg,4
td_1585.jpg,0
td_1586.jpg,1
td_1587.jpg,0
td_1588.jpg,0
td_1589.jpg,0
td_1590.jpg,0
td_1591.jpg,0
td_1592.jpg,4
td_1593.jpg,3
td_1594.jpg,0
td_1595.jpg,0
td_1596.jpg,0
td_1597.jpg,0
td_1598.jpg,0
td_1599.jpg,0
td_1600.jpg,0
td_1601.jpg,4
td_1602.jpg,0
td_1603.jpg,0
td_1604.jpg,4
td_1605.jpg,0
td_1606.jpg,0
td_1607.jpg,0
td_1608.jpg,0
td_1609.jpg,3
td_1610.jpg,3
td_1611.jpg,1
td_1612.jpg,4
td_1613.jpg,0
td_1614.jpg,1
td_1615.jpg,4
td_1616.jpg,0
td_1617.jpg,0
td_1618.jpg,0
td_1619.jpg,0
td_1620.jpg,0
td_1621.jpg,3
td_1622.jpg,0
td_1623.jpg,0
td_1624.jpg,3
td_1625.jpg,4
td_1626.jpg,0
td_1627.jpg,2
td_1628.jpg,0
td_1629.jpg,0
td_1630.jpg,0
td_1631.jpg,0
td_1632.jpg,4
td_1633.jpg,0
td_1634.jpg,0
td_1635.jpg,0
td_1636.jpg,4
td_1637.jpg,0
td_1638.jpg,0
td_1639.jpg,4
td_1640.jpg,0
td_1641.jpg,0
td_1642.jpg,0
td_1643.jpg,2
td_1644.jpg,0
td_1645.jpg,0
td_1646.jpg,0
td_1647.jpg,0
td_1648.jpg,0
td_1649.jpg,0
td_1650.jpg,4
td_1651.jpg,0
td_1652.jpg,0
td_1653.jpg,0
td_1654.jpg,0
td_1655.jpg,4
td_1656.jpg,0
td_1657.jpg,0
td_1658.jpg,3
td_1659.jpg,4
td_1660.jpg,0
td_1661.jpg,3
td_1662.jpg,1
td_1663.jpg,3
td_1664.jpg,0
td_1665.jpg,0
td_1666.jpg,0
td_1667.jpg,4
td_1668.jpg,0
td_1669.jpg,4
td_1670.jpg,0
td_1671.jpg,3
td_1672.jpg,0
td_1673.jpg,1
td_1674.jpg,0
td_1675.jpg,1
td_1676.jpg,1
td_1677.jpg,4
td_1678.jpg,0
td_1679.jpg,0
td_1680.jpg,4
td_1681.jpg,0
td_1682.jpg,0
td_1683.jpg,0
td_1684.jpg,0
td_1685.jpg,0
td_1686.jpg,4
td_1687.jpg,0
td_1688.jpg,4
td_1689.jpg,0
td_1690.jpg,0
td_1691.jpg,0
td_1692.jpg,4
td_1693.jpg,3
td_1694.jpg,4
td_1695.jpg,0
td_1696.jpg,4
td_1697.jpg,0
td_1698.jpg,0
td_1699.jpg,0
td_1700.jpg,0
td_1701.jpg,0
td_1702.jpg,0
td_1703.jpg,0
td_1704.jpg,0
td_1705.jpg,3
td_1706.jpg,2
td_1707.jpg,0
td_1708.jpg,4
td_1709.jpg,0
td_1710.jpg,2
td_1711.jpg,0
td_1712.jpg,1
td_1713.jpg,4
td_1714.jpg,4
td_1715.jpg,0
td_1716.jpg,4
td_1717.jpg,0
td_1718.jpg,4
td_1719.jpg,0
td_1720.jpg,2
td_1721.jpg,0
td_1722.jpg,4
td_1723.jpg,0
td_1724.jpg,0
td_1725.jpg,0
td_1726.jpg,4
td_1727.jpg,4
td_1728.jpg,0
td_1729.jpg,3
td_1730.jpg,0
td_1731.jpg,0
td_1732.jpg,4
td_1733.jpg,4
td_1734.jpg,0
td_1735.jpg,0
td_1736.jpg,3
td_1737.jpg,4
td_1738.jpg,4
td_1739.jpg,0
td_1740.jpg,0
td_1741.jpg,0
td_1742.jpg,0
td_1743.jpg,0
td_1744.jpg,0
td_1745.jpg,0
td_1746.jpg,0
td_1747.jpg,4
td_1748.jpg,0
td_1749.jpg,2
td_1750.jpg,2
td_1751.jpg,0
td_1752.jpg,0
td_1753.jpg,0
td_1754.jpg,0
td_1755.jpg,4
td_1756.jpg,0
td_1757.jpg,0
td_1758.jpg,0
td_1759.jpg,0
td_1760.jpg,0
td_1761.jpg,0
td_1762.jpg,0
td_1763.jpg,4
td_1764.jpg,0
td_1765.jpg,0
td_1766.jpg,4
td_1767.jpg,0
td_1768.jpg,0
td_1769.jpg,0
td_1770.jpg,1
td_1771.jpg,4
td_1772.jpg,3
td_1773.jpg,4
td_1774.jpg,3
td_1775.jpg,0
td_1776.jpg,0
td_1777.jpg,0
td_1778.jpg,4
td_1779.jpg,0
td_1780.jpg,4
td_1781.jpg,1
td_1782.jpg,0
td_1783.jpg,0
td_1784.jpg,4
td_1785.jpg,3
td_1786.jpg,4
td_1787.jpg,4
td_1788.jpg,0
td_1789.jpg,0
td_1790.jpg,4
td_1791.jpg,0
td_1792.jpg,1
td_1793.jpg,0
td_1794.jpg,4
td_1795.jpg,0
td_1796.jpg,3
td_1797.jpg,0
td_1798.jpg,0
td_1799.jpg,0
td_1800.jpg,4
td_1801.jpg,3
td_1802.jpg,3
td_1803.jpg,0
td_1804.jpg,4
td_1805.jpg,2
td_1806.jpg,4
td_1807.jpg,0
td_1808.jpg,0
td_1809.jpg,0
td_1810.jpg,0
td_1811.jpg,0
td_1812.jpg,0
td_1813.jpg,0
td_1814.jpg,4
td_1815.jpg,4
td_1816.jpg,0
td_1817.jpg,0
td_1818.jpg,2
td_1819.jpg,2
td_1820.jpg,0
td_1821.jpg,0
td_1822.jpg,0
td_1823.jpg,0
td_1824.jpg,0
td_1825.jpg,4
td_1826.jpg,1
td_1827.jpg,0
td_1828.jpg,0
td_1829.jpg,0
td_1830.jpg,4
td_1831.jpg,0
td_1832.jpg,4
td_1833.jpg,4
td_1834.jpg,0
td_1835.jpg,4
td_1836.jpg,0
td_1837.jpg,0
td_1838.jpg,4
td_1839.jpg,4
td_1840.jpg,0
td_1841.jpg,4
td_1842.jpg,0
td_1843.jpg,0
td_1844.jpg,0
td_1845.jpg,0
td_1846.jpg,0
td_1847.jpg,0
td_1848.jpg,4
td_1849.jpg,0
td_1850.jpg,0
td_1851.jpg,0
td_1852.jpg,4
td_1853.jpg,0
td_1854.jpg,0
td_1855.jpg,1
td_1856.jpg,3
td_1857.jpg,0
td_1858.jpg,4
td_1859.jpg,0
td_1860.jpg,0
td_1861.jpg,3
td_1862.jpg,0
td_1863.jpg,4
td_1864.jpg,0
td_1865.jpg,0
td_1866.jpg,0
td_1867.jpg,0
td_1868.jpg,4
td_1869.jpg,0
td_1870.jpg,0
td_1871.jpg,0
td_1872.jpg,4
td_1873.jpg,4
td_1874.jpg,4
td_1875.jpg,0
td_1876.jpg,4
td_1877.jpg,0
td_1878.jpg,0
td_1879.jpg,4
td_1880.jpg,0
td_1881.jpg,1
td_1882.jpg,0
td_1883.jpg,0
td_1884.jpg,1
td_1885.jpg,4
td_1886.jpg,0
td_1887.jpg,0
td_1888.jpg,0
td_1889.jpg,0
td_1890.jpg,4
td_1891.jpg,0
td_1892.jpg,0
td_1893.jpg,0
td_1894.jpg,1
td_1895.jpg,4
td_1896.jpg,4
td_1897.jpg,3
td_1898.jpg,3
td_1899.jpg,3
td_1900.jpg,4
td_1901.jpg,4
td_1902.jpg,4
td_1903.jpg,0
td_1904.jpg,0
td_1905.jpg,4
td_1906.jpg,4
td_1907.jpg,0
td_1908.jpg,0
td_1909.jpg,1
td_1910.jpg,0
td_1911.jpg,3
td_1912.jpg,4
td_1913.jpg,1
td_1914.jpg,0
td_1915.jpg,0
td_1916.jpg,0
td_1917.jpg,0
td_1918.jpg,0
td_1919.jpg,0
td_1920.jpg,0
td_1921.jpg,4
td_1922.jpg,4
td_1923.jpg,0
td_1924.jpg,4
td_1925.jpg,0
td_1926.jpg,0
td_1927.jpg,4
td_1928.jpg,0
td_1929.jpg,0
td_1930.jpg,3
td_1931.jpg,0
td_1932.jpg,0
td_1933.jpg,1
td_1934.jpg,4
td_1935.jpg,0
td_1936.jpg,4
td_1937.jpg,0
td_1938.jpg,4
td_1939.jpg,4
td_1940.jpg,2
td_1941.jpg,0
td_1942.jpg,2
td_1943.jpg,3
td_1944.jpg,1
td_1945.jpg,1
td_1946.jpg,1
td_1947.jpg,0
td_1948.jpg,0
td_1949.jpg,0
td_1950.jpg,3
td_1951.jpg,3
td_1952.jpg,0
td_1953.jpg,0
td_1954.jpg,0
td_1955.jpg,0
td_1956.jpg,0
td_1957.jpg,3
td_1958.jpg,0
td_1959.jpg,2
td_1960.jpg,0
td_1961.jpg,0
td_1962.jpg,4
td_1963.jpg,1
td_1964.jpg,0
td_1965.jpg,0
td_1966.jpg,0
td_1967.jpg,4
td_1968.jpg,0
td_1969.jpg,1
td_1970.jpg,0
td_1971.jpg,4
td_1972.jpg,4
td_1973.jpg,4
td_1974.jpg,1
td_1975.jpg,0
td_1976.jpg,0
td_1977.jpg,0
td_1978.jpg,0
td_1979.jpg,0
td_1980.jpg,0
td_1981.jpg,0
td_1982.jpg,0
td_1983.jpg,2
td_1984.jpg,0
td_1985.jpg,0
td_1986.jpg,3
td_1987.jpg,4
td_1988.jpg,4
td_1989.jpg,4
td_1990.jpg,1
td_1991.jpg,4
td_1992.jpg,4
td_1993.jpg,0
td_1994.jpg,3
td_1995.jpg,0
td_1996.jpg,0
td_1997.jpg,0
td_1998.jpg,4
td_1999.jpg,3
td_2000.jpg,4
td_2001.jpg,1
td_2002.jpg,0
td_2003.jpg,4
td_2004.jpg,0
td_2005.jpg,0
td_2006.jpg,0
td_2007.jpg,0
td_2008.jpg,4
td_2009.jpg,1
td_2010.jpg,4
td_2011.jpg,3
td_2012.jpg,0
td_2013.jpg,0
td_2014.jpg,4
td_2015.jpg,4
td_2016.jpg,1
td_2017.jpg,0
td_2018.jpg,4
td_2019.jpg,0
td_2020.jpg,0
td_2021.jpg,0
td_2022.jpg,0
td_2023.jpg,0
td_2024.jpg,0
td_2025.jpg,0
td_2026.jpg,0
td_2027.jpg,1
td_2028.jpg,3
td_2029.jpg,4
td_2030.jpg,4
td_2031.jpg,0
td_2032.jpg,0
td_2033.jpg,0
td_2034.jpg,4
td_2035.jpg,3
td_2036.jpg,0
td_2037.jpg,0
td_2038.jpg,0
td_2039.jpg,4
td_2040.jpg,1
td_2041.jpg,0
td_2042.jpg,2
td_2043.jpg,2
td_2044.jpg,0
td_2045.jpg,4
td_2046.jpg,0
td_2047.jpg,0
td_2048.jpg,4
td_2049.jpg,4
td_2050.jpg,3
td_2051.jpg,0
td_2052.jpg,0
td_2053.jpg,1
td_2054.jpg,1
td_2055.jpg,0
td_2056.jpg,4
td_2057.jpg,0
td_2058.jpg,0
td_2059.jpg,4
td_2060.jpg,0
td_2061.jpg,0
td_2062.jpg,0
td_2063.jpg,0
td_2064.jpg,0
td_2065.jpg,0
td_2066.jpg,0
td_2067.jpg,0
td_2068.jpg,4
td_2069.jpg,4
td_2070.jpg,0
td_2071.jpg,0
td_2072.jpg,0
td_2073.jpg,4
td_2074.jpg,0
td_2075.jpg,0
td_2076.jpg,4
td_2077.jpg,0
td_2078.jpg,0
td_2079.jpg,3
td_2080.jpg,0
td_2081.jpg,0
td_2082.jpg,0
td_2083.jpg,0
td_2084.jpg,0
td_2085.jpg,0
td_2086.jpg,0
td_2087.jpg,4
td_2088.jpg,0
td_2089.jpg,4
td_2090.jpg,4
td_2091.jpg,4
td_2092.jpg,4
td_2093.jpg,4
td_2094.jpg,1
td_2095.jpg,4
td_2096.jpg,0
td_2097.jpg,2
td_2098.jpg,0
td_2099.jpg,3
td_2100.jpg,0
td_2101.jpg,0
td_2102.jpg,0
td_2103.jpg,0
td_2104.jpg,0
td_2105.jpg,0
td_2106.jpg,0
td_2107.jpg,0
td_2108.jpg,0
td_2109.jpg,0
td_2110.jpg,4
td_2111.jpg,0
td_2112.jpg,0
td_2113.jpg,0
td_2114.jpg,0
td_2115.jpg,0
td_2116.jpg,0
td_2117.jpg,0
td_2118.jpg,4
td_2119.jpg,0
td_2120.jpg,0
td_2121.jpg,0
td_2122.jpg,0
td_2123.jpg,0
td_2124.jpg,1
td_2125.jpg,1
td_2126.jpg,4
td_2127.jpg,0
td_2128.jpg,4
td_2129.jpg,4
td_2130.jpg,2
td_2131.jpg,0
td_2132.jpg,1
td_2133.jpg,0
td_2134.jpg,0
td_2135.jpg,0
td_2136.jpg,0
td_2137.jpg,0
td_2138.jpg,4
td_2139.jpg,2
td_2140.jpg,0
td_2141.jpg,0
td_2142.jpg,0
td_2143.jpg,0
td_2144.jpg,0
td_2145.jpg,0
td_2146.jpg,0
td_2147.jpg,0
td_2148.jpg,0
td_2149.jpg,4
td_2150.jpg,4
td_2151.jpg,4
td_2152.jpg,0
td_2153.jpg,4
td_2154.jpg,4
td_2155.jpg,4
td_2156.jpg,0
td_2157.jpg,3
td_2158.jpg,4
td_2159.jpg,0
td_2160.jpg,4
td_2161.jpg,4
td_2162.jpg,0
td_2163.jpg,0
td_2164.jpg,4
td_2165.jpg,0
td_2166.jpg,4
td_2167.jpg,4
td_2168.jpg,0
td_2169.jpg,0
td_2170.jpg,4
td_2171.jpg,4
td_2172.jpg,3
td_2173.jpg,0
td_2174.jpg,4
td_2175.jpg,0
td_2176.jpg,4
td_2177.jpg,0
td_2178.jpg,0
td_2179.jpg,4
td_2180.jpg,0
td_2181.jpg,2
td_2182.jpg,0
td_2183.jpg,0
td_2184.jpg,0
td_2185.jpg,0
td_2186.jpg,4
td_2187.jpg,0
td_2188.jpg,0
td_2189.jpg,4
td_2190.jpg,0
td_2191.jpg,0
td_2192.jpg,0
td_2193.jpg,0
td_2194.jpg,4
td_2195.jpg,4
td_2196.jpg,4
td_2197.jpg,4
td_2198.jpg,4
td_2199.jpg,0
td_2200.jpg,0
td_2201.jpg,4
td_2202.jpg,3
td_2203.jpg,3
td_2204.jpg,0
td_2205.jpg,4
td_2206.jpg,0
td_2207.jpg,4
td_2208.jpg,0
td_2209.jpg,4
td_2210.jpg,0
td_2211.jpg,0
td_2212.jpg,0
td_2213.jpg,0
td_2214.jpg,0
td_2215.jpg,0
td_2216.jpg,4
td_2217.jpg,0
td_2218.jpg,4
td_2219.jpg,0
td_2220.jpg,0
td_2221.jpg,0
td_2222.jpg,3
td_2223.jpg,4
td_2224.jpg,4
td_2225.jpg,4
td_2226.jpg,3
td_2227.jpg,3
td_2228.jpg,4
td_2229.jpg,3
td_2230.jpg,1
td_2231.jpg,2
td_2232.jpg,0
td_2233.jpg,0
td_2234.jpg,0
td_2235.jpg,4
td_2236.jpg,0
td_2237.jpg,0
td_2238.jpg,0
td_2239.jpg,0
td_2240.jpg,3
td_2241.jpg,1
td_2242.jpg,0
td_2243.jpg,0
td_2244.jpg,2
td_2245.jpg,0
td_2246.jpg,4
td_2247.jpg,3
td_2248.jpg,0
td_2249.jpg,0
td_2250.jpg,0
td_2251.jpg,0
td_2252.jpg,0
td_2253.jpg,0
td_2254.jpg,0
td_2255.jpg,0
td_2256.jpg,0
td_2257.jpg,4
td_2258.jpg,4
td_2259.jpg,1
td_2260.jpg,0
td_2261.jpg,4
td_2262.jpg,4
td_2263.jpg,4
td_2264.jpg,4
td_2265.jpg,0
td_2266.jpg,0
td_2267.jpg,0
td_2268.jpg,2
td_2269.jpg,0
td_2270.jpg,0
td_2271.jpg,0
td_2272.jpg,0
td_2273.jpg,0
td_2274.jpg,4
td_2275.jpg,0
td_2276.jpg,0
td_2277.jpg,3
td_2278.jpg,0
td_2279.jpg,0
td_2280.jpg,0
td_2281.jpg,0
td_2282.jpg,0
td_2283.jpg,0
td_2284.jpg,0
td_2285.jpg,0
td_2286.jpg,0
td_2287.jpg,0
td_2288.jpg,0
td_2289.jpg,4
td_2290.jpg,4
td_2291.jpg,3
td_2292.jpg,0
td_2293.jpg,2
td_2294.jpg,0
td_2295.jpg,0
td_2296.jpg,3
td_2297.jpg,0
td_2298.jpg,0
td_2299.jpg,0
td_2300.jpg,0
td_2301.jpg,0
td_2302.jpg,0
td_2303.jpg,4
td_2304.jpg,2
td_2305.jpg,0
td_2306.jpg,0
td_2307.jpg,0
td_2308.jpg,0
td_2309.jpg,0
td_2310.jpg,0
td_2311.jpg,0
td_2312.jpg,0
td_2313.jpg,4
td_2314.jpg,4
td_2315.jpg,3
td_2316.jpg,0
td_2317.jpg,0
td_2318.jpg,4
td_2319.jpg,4
td_2320.jpg,1
td_2321.jpg,0
td_2322.jpg,0
td_2323.jpg,0
td_2324.jpg,0
td_2325.jpg,0
td_2326.jpg,4
td_2327.jpg,1
td_2328.jpg,4
td_2329.jpg,0
td_2330.jpg,0
td_2331.jpg,3
td_2332.jpg,0
td_2333.jpg,0
td_2334.jpg,0
td_2335.jpg,4
td_2336.jpg,4
td_2337.jpg,0
td_2338.jpg,3
td_2339.jpg,0
td_2340.jpg,0
td_2341.jpg,0
td_2342.jpg,0
td_2343.jpg,2
td_2344.jpg,4
td_2345.jpg,4
td_2346.jpg,4
td_2347.jpg,4
td_2348.jpg,0
td_2349.jpg,0
td_2350.jpg,1
td_2351.jpg,0
td_2352.jpg,0
td_2353.jpg,0
td_2354.jpg,0
td_2355.jpg,1
td_2356.jpg,4
td_2357.jpg,4
td_2358.jpg,0
td_2359.jpg,2
td_2360.jpg,0
td_2361.jpg,4
td_2362.jpg,0
td_2363.jpg,0
td_2364.jpg,0
td_2365.jpg,0
td_2366.jpg,0
td_2367.jpg,0
td_2368.jpg,0
td_2369.jpg,0
td_2370.jpg,3
td_2371.jpg,0
td_2372.jpg,3
td_2373.jpg,0
td_2374.jpg,0
td_2375.jpg,0
td_2376.jpg,4
td_2377.jpg,4
td_2378.jpg,0
td_2379.jpg,4
td_2380.jpg,0
td_2381.jpg,3
td_2382.jpg,4
td_2383.jpg,1
td_2384.jpg,4
td_2385.jpg,0
td_2386.jpg,0
td_2387.jpg,0
td_2388.jpg,4
td_2389.jpg,0
td_2390.jpg,2
td_2391.jpg,4
td_2392.jpg,0
td_2393.jpg,0
td_2394.jpg,0
td_2395.jpg,4
td_2396.jpg,0
td_2397.jpg,0
td_2398.jpg,0
td_2399.jpg,0
td_2400.jpg,4
td_2401.jpg,0
td_2402.jpg,2
td_2403.jpg,0
td_2404.jpg,0
td_2405.jpg,0
td_2406.jpg,4
td_2407.jpg,3
td_2408.jpg,0
td_2409.jpg,0
td_2410.jpg,0
td_2411.jpg,0
td_2412.jpg,0
td_2413.jpg,3
td_2414.jpg,4
td_2415.jpg,0
td_2416.jpg,4
td_2417.jpg,0
td_2418.jpg,0
td_2419.jpg,4
td_2420.jpg,4
td_2421.jpg,0
td_2422.jpg,0
td_2423.jpg,0
td_2424.jpg,4
td_2425.jpg,0
td_2426.jpg,0
td_2427.jpg,0
td_2428.jpg,0
td_2429.jpg,0
td_2430.jpg,4
td_2431.jpg,0
td_2432.jpg,0
td_2433.jpg,0
td_2434.jpg,0
td_2435.jpg,0
td_2436.jpg,0
td_2437.jpg,0
td_2438.jpg,4
td_2439.jpg,0
td_2440.jpg,0
td_2441.jpg,0
td_2442.jpg,1
td_2443.jpg,4
td_2444.jpg,3
td_2445.jpg,0
td_2446.jpg,0
td_2447.jpg,4
td_2448.jpg,2
td_2449.jpg,4
td_2450.jpg,1
td_2451.jpg,0
td_2452.jpg,2
td_2453.jpg,0
td_2454.jpg,0
td_2455.jpg,2
td_2456.jpg,0
td_2457.jpg,0
td_2458.jpg,0
td_2459.jpg,4
td_2460.jpg,0
td_2461.jpg,4
td_2462.jpg,0
td_2463.jpg,0
td_2464.jpg,0
td_2465.jpg,4
td_2466.jpg,0
td_2467.jpg,1
td_2468.jpg,4
td_2469.jpg,0
td_2470.jpg,3
td_2471.jpg,1
td_2472.jpg,4
td_2473.jpg,0
td_2474.jpg,4
td_2475.jpg,1
td_2476.jpg,0
td_2477.jpg,0
td_2478.jpg,1
td_2479.jpg,0
td_2480.jpg,2
td_2481.jpg,0
td_2482.jpg,0
td_2483.jpg,4
td_2484.jpg,4
td_2485.jpg,4
td_2486.jpg,1
td_2487.jpg,0
td_2488.jpg,0
td_2489.jpg,0
td_2490.jpg,0
td_2491.jpg,4
td_2492.jpg,3
td_2493.jpg,1
td_2494.jpg,0
td_2495.jpg,3
td_2496.jpg,4
td_2497.jpg,0
td_2498.jpg,3
td_2499.jpg,0
td_2500.jpg,0
td_2501.jpg,0
td_2502.jpg,0
td_2503.jpg,0
td_2504.jpg,0
td_2505.jpg,0
td_2506.jpg,3
td_2507.jpg,0
td_2508.jpg,4
td_2509.jpg,3
td_2510.jpg,0
td_2511.jpg,0
td_2512.jpg,4
td_2513.jpg,4
td_2514.jpg,0
td_2515.jpg,0
td_2516.jpg,4
td_2517.jpg,0
td_2518.jpg,0
td_2519.jpg,4
td_2520.jpg,0
td_2521.jpg,1
td_2522.jpg,2
td_2523.jpg,3
td_2524.jpg,0
td_2525.jpg,0
td_2526.jpg,0
td_2527.jpg,0
td_2528.jpg,4
td_2529.jpg,0
td_2530.jpg,0
td_2531.jpg,4
td_2532.jpg,0
td_2533.jpg,0
td_2534.jpg,3
td_2535.jpg,0
td_2536.jpg,0
td_2537.jpg,4
td_2538.jpg,4
td_2539.jpg,4
td_2540.jpg,0
td_2541.jpg,4
td_2542.jpg,2
td_2543.jpg,0
td_2544.jpg,0
td_2545.jpg,0
td_2546.jpg,0
td_2547.jpg,0
td_2548.jpg,0
td_2549.jpg,4
td_2550.jpg,0
td_2551.jpg,4
td_2552.jpg,0
td_2553.jpg,1
td_2554.jpg,4
td_2555.jpg,1
td_2556.jpg,1
td_2557.jpg,0
td_2558.jpg,0
td_2559.jpg,0
td_2560.jpg,0
td_2561.jpg,0
td_2562.jpg,4
td_2563.jpg,0
td_2564.jpg,0
td_2565.jpg,3
td_2566.jpg,4
td_2567.jpg,0
td_2568.jpg,0
td_2569.jpg,0
td_2570.jpg,4
td_2571.jpg,0
td_2572.jpg,0
td_2573.jpg,0
td_2574.jpg,3
td_2575.jpg,4
td_2576.jpg,4
td_2577.jpg,3
td_2578.jpg,0
td_2579.jpg,0
td_2580.jpg,0
td_2581.jpg,4
td_2582.jpg,4
td_2583.jpg,3
td_2584.jpg,4
td_2585.jpg,0
td_2586.jpg,0
td_2587.jpg,4
td_2588.jpg,4
td_2589.jpg,0
td_2590.jpg,0
td_2591.jpg,1
td_2592.jpg,0
td_2593.jpg,0
td_2594.jpg,0
td_2595.jpg,4
td_2596.jpg,4
td_2597.jpg,0
td_2598.jpg,0
td_2599.jpg,0
td_2600.jpg,0
td_2601.jpg,1
td_2602.jpg,0
td_2603.jpg,2
td_2604.jpg,0
td_2605.jpg,0
td_2606.jpg,0
td_2607.jpg,0
td_2608.jpg,4
td_2609.jpg,3
td_2610.jpg,4
td_2611.jpg,2
td_2612.jpg,0
td_2613.jpg,0
td_2614.jpg,0
td_2615.jpg,0
td_2616.jpg,0
td_2617.jpg,0
td_2618.jpg,0
td_2619.jpg,0
td_2620.jpg,0
td_2621.jpg,0
td_2622.jpg,1
td_2623.jpg,4
td_2624.jpg,1
td_2625.jpg,4
td_2626.jpg,4
td_2627.jpg,0
td_2628.jpg,0
td_2629.jpg,0
td_2630.jpg,0
td_2631.jpg,0
td_2632.jpg,0
td_2633.jpg,0
td_2634.jpg,1
td_2635.jpg,4
td_2636.jpg,0
td_2637.jpg,1
td_2638.jpg,0
td_2639.jpg,0
td_2640.jpg,0
td_2641.jpg,0
td_2642.jpg,0
td_2643.jpg,4
td_2644.jpg,0
td_2645.jpg,0
td_2646.jpg,4
td_2647.jpg,4
td_2648.jpg,4
td_2649.jpg,0
td_2650.jpg,0
td_2651.jpg,4
td_2652.jpg,0
td_2653.jpg,4
td_2654.jpg,0
td_2655.jpg,3
td_2656.jpg,0
td_2657.jpg,4
td_2658.jpg,0
td_2659.jpg,0
td_2660.jpg,4
td_2661.jpg,0
td_2662.jpg,0
td_2663.jpg,0
td_2664.jpg,1
td_2665.jpg,0
td_2666.jpg,4
td_2667.jpg,4
td_2668.jpg,0
td_2669.jpg,0
td_2670.jpg,0
td_2671.jpg,0
td_2672.jpg,4
td_2673.jpg,0
td_2674.jpg,0
td_2675.jpg,4
td_2676.jpg,0
td_2677.jpg,4
td_2678.jpg,0
td_2679.jpg,0
td_2680.jpg,4
td_2681.jpg,0
td_2682.jpg,3
td_2683.jpg,0
td_2684.jpg,1
td_2685.jpg,0
td_2686.jpg,0
td_2687.jpg,2
td_2688.jpg,0
td_2689.jpg,4
td_2690.jpg,0
td_2691.jpg,3
td_2692.jpg,4
td_2693.jpg,4
td_2694.jpg,0
td_2695.jpg,4
td_2696.jpg,4
td_2697.jpg,3
td_2698.jpg,0
td_2699.jpg,4
td_2700.jpg,0
td_2701.jpg,0
td_2702.jpg,0
td_2703.jpg,4
td_2704.jpg,3
td_2705.jpg,0
td_2706.jpg,0
td_2707.jpg,0
td_2708.jpg,0
td_2709.jpg,0
td_2710.jpg,0
td_2711.jpg,0
td_2712.jpg,3
td_2713.jpg,4
td_2714.jpg,1
td_2715.jpg,1
td_2716.jpg,1
td_2717.jpg,4
td_2718.jpg,0
td_2719.jpg,4
td_2720.jpg,3
td_2721.jpg,0
td_2722.jpg,0
td_2723.jpg,0
td_2724.jpg,0
td_2725.jpg,0
td_2726.jpg,0
td_2727.jpg,4
td_2728.jpg,0
td_2729.jpg,0
td_2730.jpg,0
td_2731.jpg,0
td_2732.jpg,0
td_2733.jpg,0
td_2734.jpg,1
td_2735.jpg,4
td_2736.jpg,3
td_2737.jpg,4
td_2738.jpg,0
td_2739.jpg,0
td_2740.jpg,0
td_2741.jpg,4
td_2742.jpg,0
td_2743.jpg,3
td_2744.jpg,0
td_2745.jpg,0
td_2746.jpg,0
td_2747.jpg,0
td_2748.jpg,0
td_2749.jpg,0
td_2750.jpg,3
td_2751.jpg,4
td_2752.jpg,0
td_2753.jpg,0
td_2754.jpg,1
td_2755.jpg,0
td_2756.jpg,3
td_2757.jpg,0
td_2758.jpg,0
td_2759.jpg,0
td_2760.jpg,4
td_2761.jpg,4
td_2762.jpg,0
td_2763.jpg,0
td_2764.jpg,0
td_2765.jpg,0
td_2766.jpg,0
td_2767.jpg,0
td_2768.jpg,4
td_2769.jpg,0
td_2770.jpg,0
td_2771.jpg,4
td_2772.jpg,4
td_2773.jpg,0
td_2774.jpg,0
td_2775.jpg,0
td_2776.jpg,4
td_2777.jpg,4
td_2778.jpg,3
td_2779.jpg,4
td_2780.jpg,4
td_2781.jpg,4
td_2782.jpg,0
td_2783.jpg,0
td_2784.jpg,0
td_2785.jpg,4
td_2786.jpg,4
td_2787.jpg,4
td_2788.jpg,3
td_2789.jpg,0
td_2790.jpg,0
td_2791.jpg,0
td_2792.jpg,0
td_2793.jpg,0
td_2794.jpg,0
td_2795.jpg,4
td_2796.jpg,4
td_2797.jpg,0
td_2798.jpg,4
td_2799.jpg,0
td_2800.jpg,3
td_2801.jpg,0
td_2802.jpg,0
td_2803.jpg,0
td_2804.jpg,4
td_2805.jpg,0
td_2806.jpg,0
td_2807.jpg,0
td_2808.jpg,0
td_2809.jpg,0
td_2810.jpg,0
td_2811.jpg,2
td_2812.jpg,0
td_2813.jpg,0
td_2814.jpg,0
td_2815.jpg,3
td_2816.jpg,0
td_2817.jpg,0
td_2818.jpg,4
td_2819.jpg,0
td_2820.jpg,4
td_2821.jpg,1
td_2822.jpg,0
td_2823.jpg,4
td_2824.jpg,0
td_2825.jpg,4
td_2826.jpg,3
td_2827.jpg,4
td_2828.jpg,0
td_2829.jpg,0
td_2830.jpg,0
td_2831.jpg,4
td_2832.jpg,0
td_2833.jpg,1
td_2834.jpg,0
td_2835.jpg,0
td_2836.jpg,3
td_2837.jpg,0
td_2838.jpg,0
td_2839.jpg,0
td_2840.jpg,0
td_2841.jpg,4
td_2842.jpg,4
td_2843.jpg,0
td_2844.jpg,4
td_2845.jpg,0
td_2846.jpg,3
td_2847.jpg,4
td_2848.jpg,4
td_2849.jpg,3
td_2850.jpg,0
td_2851.jpg,3
td_2852.jpg,0
td_2853.jpg,4
td_2854.jpg,0
td_2855.jpg,4
td_2856.jpg,3
td_2857.jpg,0
td_2858.jpg,0
td_2859.jpg,4
td_2860.jpg,3
td_2861.jpg,0
td_2862.jpg,4
td_2863.jpg,4